English,Marathi
Always try to be happy.,नेहमी आनंदी राहण्याचा प्रयत्न करा
Anything else,अजुन काही
Are you feeling awkward with us.,तुम्हाला आमच्यासोबत विचित्र जाणवते आहे का?
Are you feeling comfortable in this chair.,तुम्हाला ह्या खुर्चीवर आरामदायक जाणवते आहे का?
Are you in your senses,तु शुद्धीत आहे का?a
All flights are on time.,सर्व विमान वेळेवर आहेत.
Are you listening,तू ऐकतो आहेस का
Are you mad,तु वेडा आहे का
Are you ready for ride?,तुम्ही स्वारी करण्यासाठी तयार आहात का?
Are you still sleepy?,तुम्ही अजुनही झोपेत आहात का?
Are you tired,तु दमलेला आहेस का
At what time do you go to bed,तु किती वाजता झोपतो?
Be careful with chain snatchers on the train.,ट्रेनमध्ये चैन पळवणारयांपासुन सावध राहा.
Be careful with strangers.,अनोळखी व्यक्तींपासुन सावन राहा.
Be careful,सावन राहा
Behave yourself.,तुम्ही जरा व्यवस्थित वागा.
Behave yourself,सभ्यतेने वाग
Believes in yourself.,स्वतावर विश्वास ठेवा.
Can i stay here with you.,मी तुमच्यासोबत राहु शकते का?
Can you turn the volume down?,तुम्ही आवाज कमी करू शकतात का?
Close the window.,खिडकी बंद करा.
Come at least once,किमान एकदा तर ये
Come with me.,माझ्यासोबत चला.
Come with us,आमच्यासोबत चल
Complete your homework.,तुमचा गृहपाठ पुर्ण करा.
Control your tongue,आपल्या जिभेवर नियंत्रण ठेवा
Cuts the vegetables.,भाज्या कापुन घ्या
Do iron on clothes.,कपडयांवर इस्त्री करून द्या
Do me a favor please,माझ्यावर एक उपकार कर
Do you have fever?तुम्हाला ताप आहे का?,तुम्हाला ताप आहे का?
Do you have no idea about this,तुम्हाला याविषयी कुठलीही कल्पणा नही का?
Do you really mean it,तुम्ही नक्की खरे बोलता आहात का?
Do you study English?,तुम्ही इंग्रजीचा अभ्यास करतात का?
Do you understand this.,तुम्ही हो गोष्ट समजू शकता का?
Don’t depend on your luck.,आपल्या नशिबावर अवलंबुन राहू नका.
Don’t disturb me.,मला त्रास देऊ नका.
Don’t do it,हे करू नकोस
Don’t drag your feet,पाय घसरत चालु नको
Don’t drink and drive.,दारू पिऊन वाहन चालवू नका.
Don’t exaggerate,वाढवुन चढवून बोलू नको
Don’t give this much freedom,त्याला एवढे स्वातंत्र्य देऊ नका
Don’t go home today.,आज घरी जाऊ नका.
Don’t hide,लपवू नकोस
Don’t make excuse.,कारणे नका देऊ
Don’t make fun of him,त्याची चेष्टा करू नका
Don’t move.,हलू नका
Don’t play with words,शब्दांशी खेळु नको
Don’t speak ill to anybody,कोणाला वाईट बोलु नका
Don’t spoil my mind.,.माझे डोके खराब नका करू
Don’t take it to heart.,ते हदयाला लावून घेऊ नका.
Don’t tell me all this.,मला ते सर्व सांगु नको
Don’t touch me.,मला स्पर्श करू नका
Don’t waste time,वेळ वाया घालवू नका
Don’t worry,काळजी नको करू
Drive carefully.,काळजीपुर्वक वाहन चालवा
Drop me home,मला घरी सोड
Eat your lunch properly.,आपले जेवण व्यवस्थित ग्रहण करा.
Even the walls have ears,भींतीला देखील कान असतात
Everybody watching us.,सर्व जण आपल्याकडे बघता आहे.
Everything is fair love and war.,प्रेमात आणि युदधात सर्व काही मान्य असते.
Everything is going fine,सर्व काही छान चालले आहे.
Fever will come down in one or two day,एक दोन दिवसात ताप उतरून जाईल
Fill the bottle with water and place it in fridge.,बाटलीत पाणी भरा आणि फ्रिजमध्ये ठेवून द्या.
Follow him.,त्याचा पाठलाग करा.
Forget it,विसरून जा
Get off the car,गाडीतुन उतरून जा
Get ready,तयार हो
Good job man!,तुम्ही चांगले काम केले
Harassing is a criminal offence.,त्रास देणे हा एक दंडनीय गुन्हा आहे.
He is so skinny,तो खुप सडपातळ आहे
He is the man of the words.,तो व्यक्ती त्याच्या शब्दाचा पक्का आहे
He is watching a movie.,तो एक चित्रपट बघतो आहे.
He never care for me,त्याने माझी कधीच पर्वा केली नाही
He talks strange–,तो विचित्र बोलतो
He was stammering,तो तोतरा बोलतो
Here is your money.,हे घ्या तुमचे पैसे
Here is your watch.,हे बघा तुमचे घडयाळ
His favorite sport is cricket.,त्यांचा आवडता खेळ क्रिकेट आहे.
Hope you all enjoyed the show.,आशा बाळगतो की तुम्ही ह्या शो चा आनंद लुटला असेल.
How are you?,तुम्ही कसे आहात?
How lazy boy you are,किती आळशी मुलगा आहेस तु
How sad,किती दुखद गोष्ट आहे
Hurry up! We have to leave this place now.,त्वरा करा!आपल्याला ही जागा लवकरात लवकर सोडावी लागेल.
I also think so,मला पण असे वाटते
I am just coming,मी बस लगेच येतो आहे
I am lost,मी हरवलो आहे.
I can’t wait anymore.,मी आता अजुन जास्तवेळ वाट बघु शकत नाही.
I can’t walk,मी चालू नही शकत
I come in while,मी थोडया वेळात येतो
I don’t know,मला नाही माहीत
I don’t like it,मला हे आवडत नाही
I don’t mean it,माझा तसा अर्थ नव्हताच
I feel much better,मला आता खुप बर वाटते आहे
I forget my key in hotel.,मी हाँटेलात माझी किल्ली विसरलो.
I had been there once,मी एकदा तिथे गेलो होतो
I had conversation with him.,माझी त्यांच्याशी चर्चा झाली होती.
I have a bad luck,"माझे नशिबच खराब,वाईट आहे"
I have headache.,माझे डोके दुखत आहे.
I have lot of work.,मला खुप काम आहे
I like both,मला दोघे आवडतात
I like this dress.,मला हा पोशाख आवडतो.
I like to eat paneer,मला पनीर खायला आवडते
I love my country.,माझे माझ्या देशावर प्रेम आहे.
I must pick this train in any condition.,मला ही ट्रेन कोणत्याही परिस्थितीत पकडावीच लागेल.
I never said anything to you,मी तुला कधीच काही बोललो नाही
I thought once again,मी पुन्हा एकदा विचार केला
I want you to stay with me the whole night.,माझी ईच्छा आहे की तुम्ही पुर्ण रात्र माझ्यासोबत राहावे.
I will help you,मी तुझी मदत करेल
I will not allow you to go with them.,मी तुला त्यांच्यासोबत जाण्याची परवानगी देऊ नाही शकत.
I will pay today,आज पैसे मी देईल
I will try to give my best performance.,मी माझे सर्वश्रेष्ठ प्रदर्शन करण्याचा प्रयत्न करील.
Is it true?,हे खरे आहे का?
Isn’t it a strange thing.,विचित्र गोष्ट आहे ना ही
It happened by chance.,हे योगायोगाने घडले.
It was my mistake.,ती माझी चुक होती.
Its big deal for me,ही माझ्यासाठी मोठी बाब आहे
Its definitely something.,नक्की काही बात आहे.
Its too much,हे खुप जास्त आहे
Keep the bicycle on stand,साईकलला स्टँड वर लाव
Let me do this,मला हे करू द्या
Let me go,मला जाऊ द्या
Let me live peacefully,मला शांततेत जगु द्या
Let’s go to the kfc.,के एफ सी वर चला
Listen to me,माझे ऐकुन घे
Listen up,कान उघडे ठेवून ऐक
Make a drink for me.,माझ्यासाठी एक ड्रिंक तयार करा.
May i come in,मी आत येऊ शकतो का
May i have attention please!,कृपया माझ्याकडे लक्ष द्या
May you live long,तुला दिर्घायुष्य लाभो
Mind your own business.,आपल्या कामाशी काम ठेवा.
Move out of my way,माझ्या रस्त्यातुन बाजुला हो
My eyes are fluttering,माझे डोळे उडता आहे.
My stomach is upset today.,माझे पोट आज खराब आहे.
Never give up on your dreams.,आपल्या स्वप्रांना कधी सोडु नका.
Nobody come,कोणीच आले नाही
Not even a bit.,थोडेफार पण नाही
Order the pizza!,पिझ्झा आँर्डर करा
Pass me the book.,मला पुस्तक पास करा.
Pass me the bottle.,मला बाटली पास करा.
Play the music.,गाणे वाजवा.
Please calm down!,कृपया शांत व्हा
Please come in,कृपया आत या
Please forgive me,कृपया मला माफ कर
Please leave as soon as possible.,कृपया जेवढया लवकर येता येईल तेवढया लवकर येऊन जा.
Please pack your bags properly.,कृपया आपली बँग व्यवस्थित योग्यपदधतीने पँक करा.
Please sit down.,कृपया खाली बसुन घ्या.
Prepare lunch for kids.,मुलांसाठी दुपारचे जेवण तयार करा.
Put your clothes properly.,तुमचे कपडे व्यवस्थित ठेवा.
Put your socks out of the room.,आपले मोजे खोलीच्या बाहेर ठेवा.
Puts the clothes in washing machine.,कपडे वाँशिंग मशिनमध्ये टाका.
Read the news paper headlines carefully.,वर्तमानपत्रातील बातमी काळजीपुर्वक वाचा.
Read the sentence carefully.,वाक्य काळजीपुर्वक वाचा
Say something,काही तरी बोल
See you tomorrow.,उद्या बघुया.
Shame on you.,लाज वाटायला हवी तुला
She loves bananas.,तिला केळी खुप आवडतात.
Shut down the computer.,कंप्युटर बंद करा.
Shut the door.,दरवाजा बंद करा.
Sit properly on the chair.,"खुर्चीवर व्यवस्थित,नीट बसा."
Sit upright,सरळ बसा
Speak a loud.,जोरात बोला.
Speak gently with elders.,मोठया माणसांशी हळु आवाजात बोलावे
Spit away the anger,राग थुकून दे
Stand away from entrance.,प्रवेश दारांपासुन दुर उभे राहा
Stop finding my evil,माझे दुर्गुण शोधणे बंद कर
Stop teasing girls.,मुलींची चेष्टा करणे बंद करा
Switch on the refrigerator.,फ्रिज चालु करा.
Take hanky from here,इथुन हातरूमाल घेऊन घे
Take some oranges.,काही संत्री घ्या
Take your luggage,तुमचे सामान घेऊन घ्या.
Tell me the truth.,मला खरे सांगा
Thank you very much.,आपले खूप खूप आभार !
The sky is overcast.,आकाशात ढग जमा झाले आहेत.
There is nobody in the room,खोलीत कोणीच नाहीये
Think before you speak,बोलण्याअगोदर विचार करत चला
This bag is very heavy.,ती बँग खुप जड आहे.
This had to happen,हे तर होणारच होते
This is my own decision.,हा माझा वैयक्तिक निर्णय आहे.
Time is up.,वेळ संपला
Tomorrow will be holiday.,उद्या सुटटी असेल.
Touch wood,नजर लागु नये
True is always better,सत्य नेमकी कडुच असते
Trust me,माझ्यावर विश्वास ठेव
Try to understand my words.,माझे बोलणे समजुन घेण्याचा प्रयत्न करा.
Turn on your hot spot.,तुमचा हाँटस्पाँट चालु करा.
Wait for a while,थोडया वेळ वाट बघा
Wake up early in the morning!,सकाळी लवकर उठा
Wake up,उठ
Walk slowly from stairs.,पायरींवरून हळु हळु चला.
Well done,खुप छान
What a nonsense,काय व्यर्थ बडबड आहे
What a shame,किती लाजीरवाणी गोष्ट आहे
What about you?–,उद्या सुटटी असेल.
What are you talking about?,तुम्ही कशाबाबद बोलत आहात?
What did you say?,तुम्ही काय म्हटले
What do you do,तुम्ही काय करतात
What do you think.,तुमचे याबाबद काय मत आहे?
What does it mean,याचा काय अर्थ आहे
What happened to you,तुम्हाला काय झाले
What is the time?,वेळ काय झाला आहे?
What is your name on list?,यादीमध्ये तुमचे नाव काय दिले आहे?
What is your problem?,तुमची समस्या काय आहे?
What next,आता पुढे काय?
What to do,काय करायचे?
What would you like to have?,आपली काय घेण्याची ईच्छा आहे?
What’s going on.,काय चालले आहे?
Where did you get this from?,तुम्हाला हे कुठुन प्राप्त झाले?
Where do you live?,तुम्ही कुठे राहतात?
Where is restaurant?,रेस्टाँरंट कुठे आहे?
Where were you?,तुम्ही कुठे होते?
Who is your favorite singer.,तुमचा आवडता गायक कोण आहे?
Why are you making such noise in the class?,वर्गात एवढा गोंधळ का माजवता आहे?
Why were you absent yesterday.,तुम्ही काल का नाही आले होते?
Yes by all means.,होय प्रत्येक पदधतीने
You are doing quite well.,तुम्ही खूप उत्तम करत आहात.
You are so dull,तु किती आळशी आहेस
You are unnecessarily sitting here,तु विनाकारण इथे बसला आहेस
You are wasting my time,तुम्ही माझा वेळ वाया घालवत आहात
You are wrong,तु चुकतो आहे
You can lean your head on my shoulder.,तु माझ्या खांद्यावर तुझे डोके ठेवू शकतेस
You chatter a lot,तु खुप बडबड करतो
You did very well,तु खुप चांगले केले
You don’t need to hurry,तुम्हाला घाई करण्याची आवश्यकता नाहीये
You haven’t change yet.,तुम्ही आतापर्यत नही बदलले
You need to remain calm,तुला शांत राहावे लागेल
You say something,तुम्ही काही बोला
You use your brain,आपल्या मेंदुचा वापर करत जा
You walk away from here,तु इथुन चालता हो
Your anger is justified,तुमचे रागावणे योग्य आहे
Your phone is ringing.,तुमचा फोन वाजतो आहे.
Don’t walk barefoot.,अनवाणी चालु नका.
Put the clothes to dry.,कपडे सुकविण्यासाठी ठेवा.
Peel off the potatoes,बटाटे सोलून घ्या
Peel off the Orange.,संत्र्याची साल काढून टाका.
Make the bed. / Prepare the bed.,अंथरुण नीट कर. / बेड तयार करा.
Open the lid/cap/cover.,झाकण/कॅप/कव्हर उघडा.
Turn on the tap.,टॅप चालू करा.
Turn off the tap.,टॅप बंद करा.
Spread the bed sheet.,बेडशीट पसरवा.
Do not lean against the wall.,भिंतीवर झुकू नका.
Use your brain.,आपली बुद्धी वापर.
Speak softly. / Speak quietly.,हळूवारपणे बोला. / शांतपणे बोला.
Serve the food.,जेवण सर्व्ह करा.
Walk on the tiptoe.,टिपटो वर चाला.
Do you know what I mean?,तुला माहितीये मी काय म्हणतोय?
Don’t worry,काळजी करू नका
I don’t agree.,मी सहमत नाही.
Did you get it?,तुम्हाला समजले का
Where are you from,तुम्ही कुठून आहात
Do as I say.,मी सांगतो तसे करा.
Have a good trip.,प्रवस सुखाचा होवो.
"A lovely day, isn’t it?","एक सुंदर दिवस, नाही का?"
What do you need?,तुम्हाला कशाची गरज आहे?
Please come as soon as possible.,कृपया लवकरात लवकर या.
I hope so.,मला अशी आशा आहे.
Do you understand me,तुम्ही मला समजता का
What’s your phone number,तुझा दूरध्वनी क्रमांक काय आहे
Call me any day.,मला कोणत्याही दिवशी कॉल करा
I admire you,मी तुमची प्रशंसा करतो
Can I help you,मी तुम्हाला मदत करू शकतो का
What do you want to do,तुम्हाला काय करायचं आहे
You are wasting my time.,तुम्ही माझा वेळ वाया घालवत आहात
Good morning!,शुभ प्रभात!
"Good day to you, Sir!","तुम्हाला शुभ दिवस, सर!"
He is still not well.,तो अजूनही बरा नाही.
well done! Keep it up!,चांगले केले! असच चालू राहू दे!
I will call you later.,मी तुला नंतर कॉल करेन.
I will catch you soon.,मी तुला लवकरच पकडेन.
Please give me your hand.,कृपया मला तुझा हात द्या.
Get out of my sight.,माझ्या नजरेतून निघून जा.
I did not understand.,मला समजले नाही.
What do you mean?,तुम्हाला काय म्हणायचे आहे?
What are you talking about?,काय बोलताय?
Could you stay away from my stuff?,तुम्ही माझ्या गोष्टींपासून दूर राहू शकता का?
I am sorry.,मला माफ करा.
I am feeling tired today,मला आज थकवा जाणवत आहे
It’s none of your business.,तो तुमचा कोणताही व्यवसाय नाही.
I don’t know.,मला माहीत नाही.
We both like each other.,आम्ही दोघे एकमेकांना पसंत करतो.
Come quickly.,लवकर ये.
Talk to you later.,तुझ्याशी नंतर बोलू.
Thank You very much.,खूप खूप धन्यवाद.
What is your problem?,तुझी समस्या काय आहे?
Can I ask you something?,मी तुला काही विचारू का?
It was nice meeting you.,तो आपण भेट छान होते.
How are you?,तू कसा आहेस?
What is going on?,काय चाललंय?
What are your likes and dislikes?,तुमच्या आवडी-निवडी काय आहेत?
Sorry for the inconvenience.,गैरसोयीबद्दल क्षमस्व.
What can I do for you?,मी तुमच्यासाठी काय करू शकतो?
Will you please help me with this?,कृपया यात मला मदत कराल का?
This is not a joke.,हा विनोद नाही.
Stop kidding.,थट्टा करणे थांबवा.
What is happening here?,इथे काय चाललंय?
Everything is fine.,सर्व काही ठीक आहे.
Did you get my point?,तुला माझा मुद्दा समजला का?
What do you want from me?,तुला माझ्याकडून काय हवे आहे?
How old are you?,तुमचे वय किती आहे?
Where is your office?,तुमचे ऑफिस कुठे आहे?
Get ready to go to school.,शाळेत जाण्यासाठी तयार व्हा.
I will try my level best.,मी माझ्या पातळीवर सर्वोत्तम प्रयत्न करेन.
Are you joining us?,तुम्ही आमच्यात सामील होत आहात का?
Making promises,आश्वासने देणे
Admitting mistakes,चुका मान्य करणे
Expressing preferences,प्राधान्ये व्यक्त करणे
Expressing Cause and Effect,कारण आणि परिणाम व्यक्त करणे
Talking about feelings,भावनांबद्दल बोलणे
Making and Answering Phone Call,फोन कॉल करणे आणि उत्तर देणे
Making friends,मित्र बनवणे
Asking and giving directions,विचारणे आणि दिशा देणे
Talking about jobs and occupations,नोकरी आणि व्यवसायाबद्दल बोलणे
Agreeing and Disagreeing,सहमत आणि असहमत
Checking for Understanding-Asking for Clarification,समजून घेणे तपासणे-स्पष्टीकरणासाठी विचारणे
Expressing Regret,खेद व्यक्त करणे
Congratulations and Best Wishes,अभिनंदन आणि शुभेच्छा
Expressing Obligation,बंधन व्यक्त करणे
Expressing Indifference,उदासीनता व्यक्त करणे
Interrupting people,लोकांना व्यत्यय आणणे
Talking about health and Illness,आरोग्य आणि आजारपणाबद्दल बोलणे
Ability,क्षमता
Giving good news,चांगली बातमी देणे
Giving bad news,वाईट बातमी देणे
Expressing Disappointment,निराशा व्यक्त करणे
Asking and Giving Instructions,विचारणे आणि सूचना देणे
Expressing Prohibition,निषेध व्यक्त करणे
Expressing Shock,शॉक व्यक्त करणे
Blaming and Accusing,दोष देणे आणि आरोप करणे
Hurry up,लवकर कर
Quickly get ready,पटकन तयार व्हा
Don’t touch that,त्याला स्पर्श करू नका
It was morning,सकाळची वेळ होती.
What should I do with it?,मी याचे काय करू?
It is easy to say but it's difficult to do,म्हणण्यासाठी ते सोपे आहे पण करण्यास कठीण आहे
Go see for yourself.,जा स्वतः जाऊन बघ.
Don't be scared.,भिऊ नकोस.
Why didn't you call me up?,तू मला फोन का केला नाहीस.
It is doubtful whether he will come or not.,तो येणार की नाही याबाबत शंकाच आहे.
Get a cup of tea.,एक कप चहा दे.
Anyone can be a mistaken.,कोणाकडून पण चूक होऊ शकते.
Once in a while,एखाद्यावेळेस.
Don't become lazy.,आळशी बनू नको.
Put on your pant,तुझा पॅंट घालून घे
What will you gain out of this?,तुला यातून काय मिळणार आहे?
He must also very worried.,ते पण खुप परेशानी मध्ये असेल.
Come to the point and tell me what to do.,मुद्द्यावर ये आणि सांग  मला काय करायचं ते.
Is That so?,असं आहे का
Why are you  so serious.,तू एवढी गंभीर का आहेस.
Don't threaten me,मला धमकी देऊ नकोस.
Why are you looking so sad.,तू आज इतका दुखी का दिसत आहे.
Was it holiday yesterday?,काल सुट्टी होती का
It's not a big deal for me,ही माझ्यासाठी काही मोठी गोष्ट नाही.
How can you do this ?,तू असा कसे काय करू शकत.
You kept me waiting for long time.,तू मला खूप वेळ पर्यंत वाट पाहत ठेवली.
He Has folled me,त्याने मला मूर्ख बनवले आहे.
Why did you get so angry.,तुला इतका राग का आला
It doesn't matter whether it is day or night.,रात्र असो का दिवस काही फरक पडत नाही.
Don't lie to me.,माझ्यासोबत खोटे बोलू नको.
Tell me more,अजून सांगा.
Are you mad,पागल आहेस का.
This is not the way to talk.,ही बोलण्याची योग्य पद्धत नाही.
Are you Deaf?,बहिरा आहेस का ?
come with me.,माझ्याबरोबर चला.
He is running after me.,तो माझ्या मागे मागे फिरत आहे
Who taught you to cook?,तुला स्वयंपाक कोणी शिकवला?
Anything could happen,काही पण होऊ शकते.
Who gave you permission to do all this,तुला हे सर्व करण्याकरिता कोणी परवानगी दिली.
You know what happened yesterday?,तुला माहिती आहे काल काय झालं.
Eat it as if it is were medicine.,औषध समजून खाऊन घे.
Because of her he got a smile on his face.,तिच्यामुळे त्याच्या चेहऱ्यावर हास्य आले.
"Go upstairs, and see what your dog is doing ?","वर जा, आणि पहा तुझा कुत्रा काय करत आहे?"
Don't dare to lie.,खोटे बोलण्याची हिंमत / धाडस करू नको.
Don't feel bad about his words.,त्याच्या बोलण्याचे वाईट वाटून घेऊ नको.
You wait here until he comes back,तू येते थांब जोपर्यंत तो वापस येत नाही.
She might be back any moment now.,ती आता कोणत्याही क्षणी परत येऊ शकते.
"If possible, forget me","होऊ शकेल, तर मला विसरून जा."
Don't take out your anger on me.,तुझा राग माझ्यावर नको काढू.
What brings you here ?,तुमची कशी काय येणे झाले.
I have been here since my childhood.,मी माझ्या लहानपणापासून इथे आहे.
I will return it to you on Sunday.,मी तुला हे रविवारी वापस करून देईल.
What would happen then?.,तेव्हा / मग काय होईल.?
She will do whatever I tell her.,मी तिला जे सांगेन ते ती करेल.
None of your business.,हे तुझ्या कामाचे नाही.
Are you free?,तू रिकामा आहे का./तुझ्याकडे वेळ आहे का?
I will come after few days.,मी काही दिवसांनंतर वापस येईल.
Not even a single penny is left.,एक पैसाही उरला नाही.
Don't talk me again,माझ्याशी पुन्हा बोलू नकोस.
Keep it Up to yourself.,ही गोष्ट तुमच्या पर्यंतच मर्यादित राहू दे.
I got a pain in my leg.,माझे पाय दुखू लागले आहे./माझे पाय दुखत आहे.
I am turn 25 years old.,आज मी पंचवीस वर्षाचा झालो आहे.
Have you  ever played football.?,तू कधी फुटबॉल खेळला आहेस का?
Even I don't know that.,हे तर मला पण माहित नव्हतं.
Did You call me?,तुम्ही मला बोलवले काय?
I am sure that he will get success.,मला खात्री आहे की त्याला यश मिळेल.
Why don't you come in,तू आत मध्ये का येत नाहीस
Why are you angry with her,तु तिच्यावर का रागावलेला आहेस.
Don't panic,घाबरू नको.
It's done.,पूर्ण झाले.
Control yourself.,स्वतःवर नियंत्रण ठेवा.
it will be so.,असेच होईल की
Any Concern to you.,तुझ्याशी काही संबंध.
I will handle her,मी तिला सांभाळून घेईल.
You will have to pay for it.,यासाठी तुम्हाला पैसे मोजावे लागतील.
What next.,पुढे काय.
Nothing can be done now.,आता काहीच होऊ शकत नाही.
Leave alone this matter.,सोडून द्या याला.
Keep in touch.,भेटत राहा.
You messed up,तू गडबड केलीस.
Never mind.,काही हरकत नाही.
You are not a kid anymore.,तू आता काही लहान राहिला नाही.
It's on me.,ते माझ्यावर आहे.
Have something.,काहीतरी घे
It scrap,हे बकवास आहे.
This is Bullshit.,हे फालतू आहे.
Fill Free.,संकोच करू नको.
Fix that right now.,ते आत्ता च व्यवस्थित/ ठीक कर.
What brings  you here.,इथे कोणत्या कामासाठी आला / इथे कशासाठी आला होता.
Long time no see.,खूप दिवस झाले बघितलं नाही.
Where were you so long.,कुठे होता आत्तापर्यंत.
It's unreal.,हे खोटे आहे.
There is a no time to think.,विचार करण्यासाठी वेळ नाही आहे.
Why are you so angry.,तू इतक्या रागात का आहे.
There is nothing to say.,बोलण्यासाठी काहीच नाही./ सांगण्यासारखे काहीच नाही.
Our neighbours are fighting again.,आमचे शेजारी पुन्हा भांडत आहेत.
I think the fortune is smiling on me.,असं वाटत आहे भाग्य माझ्यावर मेहेरबान आहे .
I find him boring.,मला तो बोरिंग वाटतो.
How long will you take.,तुला किती वेळ लागेल.
His videos are interesting.,त्याचे व्हिडिओ मनोरंजक आहेत.
I find his behaviour strange.,मला त्याचे वागणे विचित्र वाटते.
Don't say like this.,असे बोलू नको.
I believe in God.,माझा देवावर विश्वास आहे.
I have turn २४ today.,मी आज 24 वर्षाचा झालो आहे.
I can't allowed to do this.,मी तुला हे नाही करू देणार.
The shop is not open today.,दुकान आज उघडले नाही आहे.
Let's go by auto.,अॉटो नी जाऊया.
He has put on weight.,त्याचे वजन वाढले आहे.
Everything will get better.,सगळ काही ठीक होईल.
What are you trying to say.,तू काय म्हणण्याचा प्रयत्न करतोय.
He Always reneges from his own word.,तो नेहमी स्वतःच्या शब्दावर ठाम राहत नाही.
I am going into my library.,मी माझ्या अभ्यासिके मध्ये हे जात आहे.
This time please Go from here.,या सणाला कृपया इथून चालले जा.
Why are you always after me.,तू नेहमी माझ्या मागे का असतोस.
You are insisting unnecessarily.,तू विनाकारण आग्रह/ जिद्द करत आहे.
Why are you mumping so much.,तू एवढा किच कीच का करत आहेस.
You go And talk to her.,तुझा आणि तिच्याशी बोल/तू जाऊन तिच्याशी बोल.
After all who am I to you?,शेवटी मी कोण आहे तुझी
You don't value me at all.,तुला माझी काहीच किंमत नाही/तुला माझी अजिबात किंमत नाही.
I am not responsible for everyone.,मी सगळ्यांचा ठेका उचलला नाही आहे./प्रत्येकासाठी मी जबाबदार नाही
Why is Your mood so bad.,तुझा मूड इतका खराब का आहे.
I was inwardly smiling.,तो आतून चिडला होता
He was inwardly smiling.,मी आतून/ मनातून हसत होतो.
She was inwardly talking.,तो मना मध्येच हसत होता/ तो आतून हसत होता.
He is spoiling you.,तो तुला बिघडवत आहे.
You are spoiling me.,मला आतून राग येत होता.
Don't elongate the matter.,तो बिघडत चालला आहे.
Who Is that over there.,तिकडे कोण आहे.
Mind your own business.,आपल्या कामाशी काम ठेव.
"Life is too short, my friend.",जिंदगी खूप छोटी आहे. मित्रा.
What ever you said is wrong.,तुम्ही जे काही बोलले ते चुकीचे आहे.
You haven't  done anything wrong,तुम्ही काहीही चुकीचे केलेले नाही.
One thing is for sure.,एक गोष्ट तर पक्की आहे.
What the hell is this.,हे काय गोष्ट आहे. /काय आहे हे
I don't have much time.,माझ्यापाशी जास्त वेळ नाही.
That's Exactly what I thought.,मी पण हाच विचार केला होता.
What are these people doing.,हे लोक काय करत आहेत.
If We get cut off I will call you back.,जर बोलता-बोलता कॉल कट झाला तर मी तुला पुन्हा फोन करेल.
Sorry we were cut off.,माफ करा कॉल कट झाला होता.
He Hung up the phone.,त्याने फोन ठेवून दिला.
My battery is dead.,माझी बॅटरी संपली आहे.
Sorry I cut off the phone by accidentally.,"माफ करा,माझ्या कडून चुकीने/ गलतीने फोन कट झाला होता."
Your voice is breaking up.,तुमचा आवाज कटत आहे.
Could You speak up please.,"कृपया, आपण थोडे मोठ्याने बोलाल कात."
Okay I am gonna hang up now,"ठीक आहे, आता मी फोन ठेवत आहे."
Why are you crying.,तु का रडत आहेस.
Why he said so.,तो असे का म्हणाला.
Why did he left.,तो का निघून गेला.
Why I have to apologize,मला माफी का मागावी लागेल.
Why did you laugh.,तू का हसला
Why did he run away.,तो का पळून गेला.
I believe in myself,मला माझ्यावर विश्वास आहे.
Sit Cross legged.,मांडी घालून बस.
What are you looking for.,तू काय शोधत आहे.
I have no objection.,मला काही प्रॉब्लेम नाही.
It's Gods will.,ही देवाची इच्छा आहे.
It doesn't seem to be a burden.,मला बोझ वाटतं नाही.
I am feeling sleepy.,मला झोप येत आहे.
Who are you steering at.,कोणाला घुरत आहे .
Iam No good at  dancing.,मला बिलकुल डान्स करता येत नाही.
She will be happy to see you .,ती तुला भेटून खुश होऊन जाईल.
I thought you might have forgotten.,मला वाटलं की तुम्ही विसरला असाल.
I have got something to  show you.,मला काहीतरी तुला दाखवायचं आहे. /माझ्याकडे तुम्हाला दाखवण्यासाठी काहीतरी आहे.
He Is my whole brother.,तो माझा सख्खा भाऊ आहे.
We have been married for 2 years.,आमच्या लग्नाला दोन वर्ष झाले आहे.
He Is not a friend of mine.,तू माझं काही मित्र नाही आहे.
You had come after long.,तू खूप दिवसांनी आला होतास.
Take rest here tonight,आज रात्री इथे विश्रांती घ्या./ आज रात्री इथेच आराम करा.
My bike got punctured.,माझी गाडी पंचर झाली.
I was stuck in traffic.,मी ट्राफिक मध्ये अडकलो होतो.
If not Now then when.,आत्ता नाहीतर कधी.
She is  moaning in pain.,ती वेदनेने ओरडत आहे.
I am feeling fatigue.,मलाच थकल्यासारखे वाटत आहे.
I don't get out of house much.,मी घराच्या बाहेर जास्त निघत नाही./मी घरातून फारसा बाहेर पडत नाही.
Utilize your time.,आपल्या वेळेचा उपयोग करा.
It's strange coincidence.,हा एक वेगळाच योगायोग आहे.
How can he call me stupid.,तो मला मूर्ख कसा म्हणू शकतो.
I do not trust you at all.,मला तुझ्यावर बिलकुल विश्वास नाही.
When will bus leave.,बस कधी सुटेल.
Now there is only one  way left for me.,आता माझ्याकडे फक्त एकच रस्ता उरलेला आहे.
Let it be.,जाऊ दे.
You won't be able to do it.,तू नाही करू शकणार.
You should have have thought about it earlier.,याचा विचार तुम्ही आधी करायला हवा होता.
Give me Rs 2000 now it's urgent.,"मला आता 2000 रुपये द्या, खूप गरज आहे."
Can I say something if you don't mind?,तुमची हरकत नसेल तर मी काही सांगू का?/ जर तुला वाईट वाटलं असेल तर मी काहीतरी सांगू का.
Lets do one thing.,चला एक काम करूया.
I am working on it.,मी त्यावर काम करत आहे.
I will not give up.,मी हार नाही मानणार.
Power has gone off.,लाईन गेली आहे.
Let me take a look.,मला पाहू दे.
You are so stubborn.,तू किती हट्टी आहे.
He has come.,तो आला आहे.
She Must be around.,ती इथेच कुठेतरी असेल./ती आजूबाजूला असावी.
I wish I were yours.,काश मी तुझा असतो.
I was sick yesterday.,काल मी आजारी होतो.
I don't know.,मला माहिती नाही./ मला माहित नाही.
My mobile was off.,माझा मोबाईल बंद होता.
I was late.,माझ्याकडे पैसे होते.
Nobody told me.,मला उशीर झाला होता.
I was at home.,मला कोणीही सांगितले नाही.
Please close the door.,मी घरी होतो.
Please close the window.,कृपया दार बंद करा.
Please check again.,कृपया खिडकी बंद करा.
Please try again.,कृपया पुन्हा तपासा.
Please try to understand.,कृपया पुन्हा प्रयत्न करा.
Please let me know.,कृपया समजून घेण्याचा प्रयत्न करा.
Please let us know.,कृपया मला कळवा.
Please don't go.,कृपया आम्हाला कळवा.
But why?,कृपया  जाऊ नका.
But who?,पण का?
But how?,पण कोण?
But when?,पण कसं?
But where?,पण केव्हा?
Then what?,पण कुठे?
Your mobile number?,मग काय?
Your occupation?,तुमचा मोबाइल नंबर?
Any problem?,काही अडचण?
Now or next year?,आता की पुढच्या वर्षी?
Today or tomorrow?,आज की उद्या?.
How claver you are .,तू किती हुशार आहे.
how tall you are,तू किती उंच आहे.
How beautiful she is !,ती किती सुंदर आहे.
How beautiful this garden is !,हा किती सुंदर बगीचा आहे.
How difficult it is !,किती कठीण आहे ते.
How easy it is!,ते किती सोपे आहे.
Do an exercise otherwise you will not be healthy.,नियमित व्यायाम करा अन्यथा तुम्ही तंदुरुस्त/दुरुस्त बनणार नाही.
hurry up otherwise you will miss the bus.,घाई कर नाहीतर तुला बस सापडणार नाही.
Can you tell me how to prepare it,मला तू सांगू शकतो का ते कसे तयार करायचे.
Are you joining us?,तुम्ही आमच्यात सामील आहात का?
I am very pleased to meet you.,तुम्हाला भेटून मला खूप आनंद झाला.
You are my responsibility.,तू माझी जबाबदारी आहेस.
This is not fair.,हे योग्य नाही.
What are you doing today?,आज तुम्ही काय करत आहात?
Please say something.,कृपया काहीतरी बोल.
I will come again.,मी पुन्हा येईन.
What would you like to have?,तुला काय पाहिजे?
Thank you for inviting us.,आम्हाला आमंत्रित केल्याबद्दल धन्यवाद.
It’s my pleasure.,हा माझा आनंद आहे.
Thank you for the advice.,सल्ल्याबद्दल धन्यवाद.
Many happy returns of the day.,दिवसाच्या अनेक शुभेच्छा.
Happy birthday!,वाढदिवसाच्या हार्दिक शुभेच्छा!
I wish you a happy married life.,मी तुम्हाला सुखी वैवाहिक जीवनासाठी शुभेच्छा देतो.
Please be seated.,कृपया बसा.
I’m on my way.,मी येतोच आहे.
When will you reach?,कधी पोहोचणार?
Nice to meet you.,तुम्हाला भेटून आनंद झाला.
Is everything alright?,सर्व काही ठीक आहे का?
Hope to see you next time.,पुढच्या वेळी भेटू अशी आशा आहे.
Do you speak English?,तुम्ही इंग्रजी बोलता का?
You are getting late for school.,तुला शाळेला यायला उशीर होतोय.
I missed my school bus.,माझी शाळेची बस चुकली.
Who is your class teacher?,तुमचा वर्ग शिक्षक कोण आहे?
Please clean the board.,कृपया बोर्ड साफ करा.
Read the sentences carefully.,वाक्य काळजीपूर्वक वाचा.
What is your favorite subject?,तुझा आवडता विषय कोणता आहे?
Who is your favorite teacher?,तुमचा आवडता शिक्षक कोण आहे?
I have completed my homework.,मी माझा गृहपाठ पूर्ण केला आहे.
Improve your handwriting.,तुमचे हस्ताक्षर सुधारा.
Why are you late?,तुला उशीर का झाला?
What is your contact number?,तुमचा संपर्क क्रमांक काय आहे?
Could you show me your answer sheet?,तुम्ही मला तुमची उत्तरपत्रिका दाखवू शकाल का?
I appreciate it.,मी याचं कौतुक करतो.
Do you agree with me?,तुम्ही माझ्याशी सहमत आहात का?
It was nice to talk with you.,तुझ्याशी बोलून छान वाटलं.
I made it.,मी ते बनवले.
I feel sad about your loss.,मला तुमच्या नुकसानाबद्दल वाईट वाटते.
Let’s celebrate!,चला साजरा करूया!
What do you like the most?,तुम्हाला सर्वात जास्त काय आवडते?
Do not disturb!,व्यत्यय आणू नका!
Try to open this door.,हा दरवाजा उघडण्याचा प्रयत्न करा.
I read books.,मी पुस्तके वाचतो.
I do not want to know anything.,मला काही कळायचे नाही.
Drive carefully.,जपून चालवा.
I love to play video games.,मला व्हिडिओ गेम्स खेळायला आवडतात.
Go slow from the crowd.,गर्दीतून सावकाश जा.
This is your updated version.,ही तुमची अद्ययावत आवृत्ती आहे.
The sun rises from the east.,सूर्य पूर्वेकडून उगवतो.
We cook everyday,आम्ही रोज स्वयंपाक करतो
Daily exercise makes you fit and healthy.,रोजचा व्यायाम तुम्हाला तंदुरुस्त आणि निरोगी बनवतो.
Have a nice day.,तुमचा दिवस चांगला जावो.
Excuse me!,मला माफ करा!
Stop crying.,रडणे थांबव.
Are you fooling me?,तू मला फसवत आहेस?
Could you give me some money?,तुम्ही मला काही पैसे देऊ शकाल का?
Girls do not want to stay in the gum.,मुलींना डिंकात राहायचे नाही.
She wakes early in the morning.,ती सकाळी लवकर उठते.
He sleeps in the afternoon.,तो दुपारी झोपतो.
How can I help you?,मी तुम्हाला कशी मदत करू शकते?
I have turn 24 today.,मी आज २४ वर्षाचा झालो आहे.
He was inwardly angry.,तो आतून चिडला होता
I was inwardly smiling.,मी आतून/ मनातून हसत होतो.
He was inwardly smiling.,तो मना मध्येच हसत होता/ तो आतून हसत होता.
She was inwardly talking.,ती मनामध्ये स्वतःची बोलत होत होती
I was inwardly getting angry.,मला आतून राग येत होता.
You are spoiling me.,तू मला बिघडवत आहे.
He is getting spoiled.,तो बिघडत चालला आहे.
Don't elongate the matter.,तू गोष्टीला वाढवू नको /प्रकरण लांबवू नका.
You are a elongating the matter.,तू गोष्टीला/प्रकरण वाढवत आहे.
Don't try to elongate the matter.,प्रकरण वाढवण्याचा प्रयत्न करू नको.
I don't want to elongate the matter.,मला प्रकरण वाढवायचे नाही.
She Must be around.,ती आजूबाजूला असावी.
I don't know.,मला माहिती नाही.
I was late.,मला उशीर झाला होता.
Nobody told me.,मला कोणीही सांगितले नाही.
I was at home.,मी घरी होतो.
Please close the door.,कृपया दार बंद करा.
Please close the window.,कृपया खिडकी बंद करा.
Please check again.,कृपया पुन्हा तपासा.
Please try again.,कृपया पुन्हा प्रयत्न करा.
Please try to understand.,कृपया समजून घेण्याचा प्रयत्न करा.
Please let me know.,कृपया मला कळवा.
Please let us know.,कृपया आम्हाला कळवा.
Please don't go.,कृपया  जाऊ नका.
But why?,पण का?
But who?,पण कोण?
But how?,पण कसं?
But when?,पण केव्हा?
But where?,पण कुठे?
Then what?,मग काय?
Your mobile number?,तुमचा मोबाइल नंबर?
Can you show me how to fix this bike?,ही बाईक कशी दुरुस्त करायची ते तुम्ही मला दाखवू शकाल का?
"I’m feeling hot, can you turn on the AC?","मला गरम वाटतंय, तुम्ही एसी चालू करू शकता का?"
What’s the score of the game?,खेळाचा स्कोअर किती आहे?
"Can you pass me the towel, please?",कृपया मला टॉवेल देऊ शकाल का?
What do you want for dinner tomorrow?,उद्या रात्रीच्या जेवणासाठी तुला काय हवे आहे?
Can you help me find my lost keys?,माझ्या हरवलेल्या चाव्या शोधण्यात तुम्ही मला मदत करू शकता का?
Do you want to go for a swim with me?,तुला माझ्याबरोबर पोहायला जायचे आहे का?
Can you give me the details of the meeting?,तुम्ही मला मीटिंगचा तपशील देऊ शकाल का?
What’s the latest update on the weather?,हवामानावरील नवीनतम अपडेट काय आहे?
"Can you turn up the brightness, please?","कृपया, तुम्ही चमक वाढवू शकता का?"
What’s the plan for the weekend?,वीकेंडसाठी काय प्लॅन आहे?
Can you give me some advice on this relationship?,या नात्याबद्दल तुम्ही मला काही सल्ला देऊ शकाल का?
Do you want to go to the concert with me?,तुला माझ्यासोबत मैफिलीला जायचे आहे का?
"Can you pass me the sugar, please?","कृपया, तुम्ही मला साखर देऊ शकाल का?"
"I’m feeling sad, I need to talk to someone.","मला वाईट वाटत आहे, मला कोणाशी तरी बोलण्याची गरज आहे."
"Can you turn off the lights, please?","कृपया, तुम्ही दिवे बंद करू शकता का?"
What’s the latest update on the stock market?,शेअर बाजारातील नवीनतम अपडेट काय आहे?
Can you give me some tips on how to quit smoking?,तुम्ही मला धूम्रपान कसे सोडावे याबद्दल काही टिप्स देऊ शकता का?
Do you want to go to the museum with me?,तुला माझ्याबरोबर संग्रहालयात जायचे आहे का?
Can you show me how to change a tire?,टायर कसा बदलायचा ते तुम्ही मला दाखवू शकता का?
"I’m feeling bored, what do you want to do?","मला कंटाळा आलाय, तुला काय करायचं आहे?"
"Can you pass me the ketchup, please?",कृपया मला केचप देऊ शकाल का?
What’s the latest update on the book club?,बुक क्लबचे नवीनतम अपडेट काय आहे?
"Can you turn up the sound, please?","कृपया, तुम्ही आवाज वाढवू शकता का?"
What do you want for breakfast tomorrow?,उद्या नाश्त्याला काय हवे आहे?
Can you help me with this puzzle?,तुम्ही मला हे कोडे सोडवण्यासाठी मदत करू शकता का?
Do you want to go to the park with me?,तुला माझ्याबरोबर उद्यानात जायचे आहे का?
Can you give me the password to your laptop?,तुम्ही मला तुमच्या लॅपटॉपचा पासवर्ड देऊ शकता का?
What’s the latest update on the job interview?,नोकरीच्या मुलाखतीचे नवीनतम अपडेट काय आहे?
"Can you turn down the brightness, please?","कृपया, तुम्ही चमक कमी करू शकता का?"
What’s the plan for tonight?,आज रात्रीचा प्लॅन काय आहे?
Can you give me some tips on how to save energy?,ऊर्जेची बचत कशी करावी यासाठी तुम्ही मला काही टिप्स देऊ शकता का?
Do you want to go to the movie with me?,तुला माझ्यासोबत चित्रपटाला जायचे आहे का?
"Can you pass me the bread, please?","कृपया, तुम्ही मला ब्रेड देऊ शकता का?"
"I’m feeling anxious, I need to calm down.","मला चिंता वाटत आहे, मला शांत होण्याची गरज आहे."
"Can you turn on the lights, please?","कृपया, तुम्ही दिवे चालू करू शकता का?"
What’s the latest update on the team project?,टीम प्रोजेक्टवर नवीनतम अपडेट काय आहे?
Can you give me some tips on how to be productive?,उत्पादनक्षम कसे व्हावे यासाठी तुम्ही मला काही टिप्स देऊ शकता का?
Do you want to go to the gym with me?,तुला माझ्यासोबत जिममध्ये जायचे आहे का?
Can you show me how to knit a scarf?,स्कार्फ कसा विणायचा ते तुम्ही मला दाखवू शकता का?
"I’m feeling restless, I need to take a walk.","मला अस्वस्थ वाटत आहे, मला फिरायला जावे लागेल."
"Can you pass me the cheese, please?","कृपया, तुम्ही मला चीज देऊ शकता का?"
What’s the latest update on the club meeting?,क्लब मीटिंगचे नवीनतम अपडेट काय आहे?
"Can you turn up the volume, please?","कृपया, तुम्ही आवाज वाढवू शकता का?"
What do you want for lunch today?,आज दुपारच्या जेवणासाठी तुम्हाला काय हवे आहे?
Can you help me with this crossword puzzle?,तुम्ही मला या शब्दकोडीत मदत करू शकता का?
Do you want to go to the beach with me?,तुला माझ्यासोबत बीचवर जायचे आहे का?
Can you give me the password to your tablet?,तुम्ही मला तुमच्या टॅबलेटचा पासवर्ड देऊ शकता का?
What’s the latest update on the family vacation?,कौटुंबिक सुट्टीतील नवीनतम अपडेट काय आहे?
"Can you turn down the sound, please?","कृपया, तुम्ही आवाज कमी करू शकता का?"
What’s the plan for the day?,दिवसाचा प्लॅन काय आहे?
Can you give me some tips on how to manage stress?,तणावाचे व्यवस्थापन कसे करावे याबद्दल तुम्ही मला काही टिप्स देऊ शकता का?
Do you want to go to the festival with me?,तुला माझ्याबरोबर उत्सवाला जायचे आहे का?
"Can you pass me the mayo, please?","कृपया, तुम्ही मला मेयो पास करू शकता का?"
"I’m feeling hungry, what do you want to order?","मला भूक लागली आहे, तुम्हाला काय ऑर्डर करायचे आहे?"
What’s the latest update on the budget?,बजेटचे नवीनतम अपडेट काय आहे?
Can you give me some tips on how to live a healthy lifestyle?,निरोगी जीवनशैली कशी जगावी यासाठी तुम्ही मला काही टिप्स देऊ शकता का?
"Good morning, how are you today?","सुप्रभात, आज तू कसा आहेस?"
"Can I have a cup of coffee, please?",कृपया मला एक कप कॉफी मिळेल का?
What’s the weather like today?,आज हवामान काय आहे?
What’s for breakfast?,नाश्त्यासाठी काय आहे?
Can you give me a ride to work?,तुम्ही मला कामासाठी एक राइड देऊ शकता का?
Can you help me with this task?,तुम्ही मला या कामात मदत करू शकता का?
What time do you finish work today?,आज किती वाजता काम संपवायचे?
Do you want to go for a walk in the park?,तुम्हाला उद्यानात फिरायला जायचे आहे का?
"Can you pass me the salt, please?","कृपया, तुम्ही मला मीठ देऊ शकता का?"
"I’m feeling tired, I need a nap.","मला थकल्यासारखे वाटत आहे, मला झोपेची गरज आहे."
"Can you turn on the TV, please?",कृपया तुम्ही टीव्ही चालू करू शकता का?
What’s the latest news?,ताज्या बातम्या काय आहेत?
Can I borrow your pen?,मी तुमचा पेन घेऊ शकतो का?
Do you want to join me for lunch?,तुम्हाला माझ्यासोबत दुपारच्या जेवणासाठी सामील व्हायचे आहे का?
What’s the traffic like on the way to work?,कामाच्या मार्गावर रहदारी कशी असते?
"Can you turn down the music, please?","कृपया, तुम्ही संगीत नाकारू शकता का?"
What do you want for dinner tonight?,आज रात्रीच्या जेवणासाठी तुम्हाला काय हवे आहे?
Can you give me some advice on this matter?,या विषयावर तुम्ही मला काही सल्ला देऊ शकाल का?
Do you want to watch a movie tonight?,तुम्हाला आज रात्री चित्रपट बघायचा आहे का?
Can you give me a hand with this heavy bag?,या जड पिशवीत तुम्ही मला हात देऊ शकता का?
"I’m feeling cold, can you turn up the heat?","मला थंडी वाजत आहे, तुम्ही उष्णता वाढवू शकता का?"
What’s the address of the meeting today?,आजच्या बैठकीचा पत्ता काय आहे?
Can you remind me of the deadline for this project?,तुम्ही मला या प्रकल्पाच्या अंतिम मुदतीची आठवण करून देऊ शकता का?
What’s the schedule for tomorrow?,उद्याचे वेळापत्रक काय आहे?
Can you show me how to use this app?,हे अॅप कसे वापरायचे ते तुम्ही मला दाखवू शकता का?
"I’m feeling stressed, I need a break.","मला तणाव वाटत आहे, मला विश्रांतीची गरज आहे."
What’s the theme of the party tonight?,आज रात्री पार्टीची थीम काय आहे?
Can you give me some feedback on my presentation?,माझ्या सादरीकरणावर तुम्ही मला काही प्रतिक्रिया देऊ शकाल का?
Do you want to go shopping with me this weekend?,तुम्हाला या वीकेंडला माझ्यासोबत खरेदीला जायचे आहे का?
"Can you give me the keys to the car, please?",कृपया मला गाडीच्या चाव्या देऊ शकाल का?
What’s the password to the Wi-Fi?,Wi-Fi चा पासवर्ड काय आहे?
"Can you turn on the fan, please?","कृपया, तुम्ही पंखा चालू करू शकता का?"
Can you help me find my phone?,तुम्ही मला माझा फोन शोधण्यात मदत करू शकता का?
Do you want to go for a picnic this weekend?,तुम्हाला या वीकेंडला पिकनिकला जायचे आहे का?
"Can you pass me the tissue, please?","कृपया, तुम्ही मला टिश्यू देऊ शकता का?"
"I’m feeling sick, I need to see a doctor.","मला आजारी वाटत आहे, मला डॉक्टरांना भेटण्याची गरज आहे."
Can you give me some directions to the nearest gas station?,तुम्ही मला जवळच्या गॅस स्टेशनला काही दिशा देऊ शकता का?
What time do you want to leave for the trip?,तुम्हाला सहलीसाठी किती वाजता निघायचे आहे?
Can you show me how to cook this dish?,ही डिश कशी शिजवायची ते तुम्ही मला दाखवू शकता का?
"I’m feeling hungry, let’s grab a snack.","मला भूक लागली आहे, चला नाश्ता घेऊया."
"Can you turn off the computer, please?","कृपया, तुम्ही संगणक बंद करू शकता का?"
What’s the dress code for the party?,पार्टीसाठी ड्रेस कोड काय आहे?
Can you give me some tips on how to save money?,पैसे कसे वाचवायचे याबद्दल तुम्ही मला काही टिप्स देऊ शकता का?
Do you want to go for a hike this weekend?,तुम्हाला या वीकेंडला फिरायला जायचे आहे का?
"Can you give me a hug, I need it.","तुम्ही मला मिठी मारू शकता, मला त्याची गरज आहे."
What’s the latest update on the project?,प्रकल्पाचे नवीनतम अद्यतन काय आहे?
Can you help me with this math problem?,या गणिताच्या समस्येत तुम्ही मला मदत करू शकता का?
Do you want to join me for dinner tonight?,तुम्हाला आज रात्रीच्या जेवणासाठी माझ्यासोबत सामील व्हायचे आहे का?
Can you give me the password to your phone?,तुम्ही मला तुमच्या फोनचा पासवर्ड देऊ शकता का?
What’s the movie schedule for today?,आजचे चित्रपटाचे वेळापत्रक काय आहे?
"Can you turn down the volume, please?","कृपया, तुम्ही आवाज कमी करू शकता का?"
What’s the theme of the conference today?,आजच्या परिषदेची थीम काय आहे?
Can you give me some tips on how to stay healthy?,निरोगी कसे राहावे यासाठी तुम्ही मला काही टिप्स देऊ शकता का?
Do you want to go for a run with me,तुला माझ्याबरोबर धावायला जायचे आहे का?
Do you want to go to the amusement park with me?,तुला माझ्याबरोबर मनोरंजन उद्यानात जायचे आहे का?
"Can you pass me the mustard, please?","कृपया, तुम्ही मला मोहरी पास करू शकता का?"
What do you want for snack today?,तुम्हाला आज फराळासाठी काय हवे आहे?
Can you help me with this word search?,या शब्द शोधात तुम्ही मला मदत करू शकता का?
What’s the latest update on the school project?,शाळेच्या प्रकल्पाचे नवीनतम अपडेट काय आहे?
Do you want to go to the coffee shop with me?,तुला माझ्याबरोबर कॉफी शॉपमध्ये जायचे आहे का?
Can you give me the password to your smartphone?,तुम्ही मला तुमच्या स्मार्टफोनचा पासवर्ड देऊ शकता का?
What’s the plan for the evening?,संध्याकाळचा प्लॅन काय आहे?
Can you give me some tips on how to maintain a positive attitude?,सकारात्मक दृष्टीकोन कसा ठेवावा यासाठी तुम्ही मला काही टिप्स देऊ शकता का?
"I’m feeling happy, I want to dance.","मला आनंद वाटत आहे, मला नाचायचे आहे."
"Can you pass me the salsa, please?",कृपया मला साल्सा पास करू शकाल का?
What’s the latest update on the book club meeting?,बुक क्लब मीटिंगचे नवीनतम अपडेट काय आहे?
Can you help me with this maze?,तुम्ही मला या चक्रव्यूहात मदत करू शकता का?
Do you want to go to the library with me?,तुला माझ्याबरोबर लायब्ररीत जायचे आहे का?
Can you give me the password to your smartwatch?,तुम्ही मला तुमच्या स्मार्टवॉचचा पासवर्ड देऊ शकता का?
What’s the latest update on the team presentation?,संघ सादरीकरणाचे नवीनतम अद्यतन काय आहे?
What’s the plan for tomorrow?,उद्याचा प्लॅन काय आहे?
Can you give me some tips on how to improve my public speaking?,माझे सार्वजनिक बोलणे कसे सुधारावे यासाठी तुम्ही मला काही टिप्स देऊ शकता का?
"I’m feeling curious, I want to explore.","मला उत्सुकता वाटत आहे, मला एक्सप्लोर करायचे आहे."
"Can you pass me the hot sauce, please?","कृपया, तुम्ही मला गरम सॉस देऊ शकता का?"
What’s the latest update on the family reunion?,कौटुंबिक पुनर्मिलनचे नवीनतम अद्यतन काय आहे?
What do you want for breakfast today?,आज नाश्त्यासाठी काय हवे आहे?
Can you help me with this jigsaw puzzle?,तुम्ही मला या जिगसॉ पझलमध्ये मदत करू शकता का?
Do you want to go to the art museum with me?,तुला माझ्यासोबत कला संग्रहालयात जायचे आहे का?
Can you give me the password to your smart home device?,तुम्ही मला तुमच्या स्मार्ट होम डिव्हाइसचा पासवर्ड देऊ शकता का?
What’s the latest update on the financial plan?,आर्थिक योजनेचे नवीनतम अपडेट काय आहे?
What’s the plan for the afternoon?,दुपारचा प्लॅन काय आहे?
Can you give me some tips on how to stay organized?,तुम्ही मला व्यवस्थित कसे राहायचे याबद्दल काही टिप्स देऊ शकता का?
"I’m feeling confident, I want to sing.","मला आत्मविश्वास वाटत आहे, मला गाण्याची इच्छा आहे."
"Can you pass me the pepper, please?","कृपया, तुम्ही मला मिरपूड देऊ शकता का?"
What’s the latest update on the club outing?,क्लब आउटिंगचे नवीनतम अद्यतन काय आहे?
Can you help me with this riddle?,तुम्ही मला या कोड्यात मदत करू शकता का?
Do you want to go to the nature reserve with me?,तुला माझ्याबरोबर निसर्ग अभयारण्यात जायचे आहे का?
Can you give me the password to your smart car?,तुम्ही मला तुमच्या स्मार्ट कारचा पासवर्ड देऊ शकता का?
What’s the latest update on the vacation plan?,सुट्टीतील प्लॅनचे नवीनतम अपडेट काय आहे?
What’s the plan for the morning?,सकाळचा प्लॅन काय आहे?
Can you give me some tips on how to be a good listener?,चांगला श्रोता कसा असावा यासाठी तुम्ही मला काही टिप्स देऊ शकता का?
"I’m feeling hopeful, I want to help others.","मी आशावादी आहे, मला इतरांना मदत करायची आहे."
"Can you pass me the vinegar, please?","कृपया, तुम्ही मला व्हिनेगर देऊ शकता का?"
What’s the latest update on the community project?,समुदाय प्रकल्पाचे नवीनतम अद्यतन काय आहे?
Can you help me with this brain teaser?,या ब्रेन टीझरसाठी तुम्ही मला मदत करू शकता का?
Do you want to go to the science center with me?,तुला माझ्याबरोबर विज्ञान केंद्रात जायचे आहे का?
Can you give me the password to your smart TV?,तुम्ही मला तुमच्या स्मार्ट टीव्हीचा पासवर्ड देऊ शकता का?
What’s the latest update on the home renovation plan?,घराच्या नूतनीकरण योजनेचे नवीनतम अपडेट काय आहे?
Can you give me,तू मला देऊ शकतो का
some tips on how to manage stress better?,तणावाचे व्यवस्थापन कसे चांगले करावे यासाठी काही टिपा?
"I’m feeling grateful, I want to express my thanks.","मी आभारी आहे, मला माझे आभार व्यक्त करायचे आहेत."
What’s the latest update on the charity event?,धर्मादाय कार्यक्रमाचे नवीनतम अपडेट काय आहे?
What do you want for dessert tonight?,आज रात्री तुम्हाला मिठाईसाठी काय हवे आहे?
Do you want to go to the movie theater with me?,तुला माझ्यासोबत चित्रपटगृहात जायचे आहे का?
Can you give me the password to your smart speaker?,तुम्ही मला तुमच्या स्मार्ट स्पीकरचा पासवर्ड देऊ शकता का?
What’s the latest update on the road trip plan?,रोड ट्रिप प्लॅनचे नवीनतम अपडेट काय आहे?
Can you give me some tips on how to make healthier choices?,तुम्ही मला निरोगी निवडी कशा करायच्या याबद्दल काही टिपा देऊ शकता का?
"I’m feeling inspired, I want to create something new.","मला प्रेरणा वाटत आहे, मला काहीतरी नवीन तयार करायचे आहे."
What’s the latest update on the concert series?,कॉन्सर्ट मालिकेचे नवीनतम अपडेट काय आहे?
Can you help me with this sudoku puzzle?,तुम्ही मला या सुडोकू कोडेमध्ये मदत करू शकता का?
Do you want to go to the aquarium with me?,तुला माझ्याबरोबर मत्स्यालयात जायचे आहे का?
Can you give me the password to your smart bike?,तुम्ही मला तुमच्या स्मार्ट बाईकचा पासवर्ड देऊ शकाल का?
don't worry,चिंता करू नको
don't pull it ,ते अाेढू नको
a,एक
abandon,सोडून देणे
able,सक्षम
abortion,गर्भपात
about,बद्दल
above,वर
abroad,परदेशात
absence,अनुपस्थिती
absolute,निरपेक्ष
absolutely,पूर्णपणे
absorb,शोषून घेणे
abuse,"गैरवर्तन,अपशब्द"
academic,शैक्षणिक
accept,स्वीकारा
access,प्रवेश
accident,अपघात
accompany,सोबत
accomplish,साध्य
according,त्यानुसार
account,खाते
accurate,अचूक
accuse,आरोप
achieve,साध्य
achievement,कामगिरी
acid,आम्ल
acknowledge,कबूल करा
acquire,घेणे
across,ओलांडून
act,कृती
action,क्रिया
active,सक्रिय
activist,कार्यकर्ता
activity,क्रियाकलाप
actor,अभिनेता
actress,अभिनेत्री
actual,प्रत्यक्ष
actually,प्रत्यक्षात
ad,जाहिरात
adapt,जुळवून घेणे
add,जोडा
addition,या व्यतिरिक्त
additional,अतिरिक्त
address,पत्ता
adequate,पुरेसे
adjust,समायोजित करा
adjustment,समायोजन
administration,प्रशासन
administrator,प्रशासक
admire,प्रशंसा करा
admission,प्रवेश
admit,कबूल करा
adolescent,पौगंडावस्थेतील
adopt,दत्तक घेणे
adult,प्रौढ
advance,प्रगती
advanced,प्रगत
advantage,फायदा
adventure,साहस
advertising,जाहिरात
advice,सल्ला
advise,सल्ला
adviser,सल्लागार
advocate,वकील
affair,प्रकरण
affect,प्रभावित करा
afford,परवडणे
afraid,भीती
African,आफ्रिकन
African-American,आफ्रिकन-अमेरिकन
after,नंतर
afternoon,दुपारी
again,पुन्हा
against,विरुद्ध
age,वय
agency,एजन्सी
agenda,अजेंडा
agent,एजंट
aggressive,आक्रमक
ago,पूर्वी
agree,सहमत
agreement,करार
agricultural,कृषी
ahead,पुढे
aid,मदत
aide,सहाय्यक
AIDS,एड्स
aim,ध्येय
air,हवा
aircraft,विमान
airline,विमान सेवा
airport,विमानतळ
album,अल्बम
alcohol,दारू
alive,जिवंत
all,सर्व
alliance,युती
allow,परवानगी द्या
ally,मित्र
almost,जवळजवळ
alone,एकटा
along,सोबत
already,आधीच
also,देखील
alter,बदल
alternative,पर्यायी
although,जरी
always,नेहमी
am,आहे
amazing,आश्चर्यकारक
American,अमेरिकन
among,दरम्यान
amount,रक्कम
an,एक
analysis,विश्लेषण
analyst,विश्लेषक
analyze,विश्लेषण करा
ancient,प्राचीन
and,आणि
anger,राग
angle,कोन
angry,रागावले
animal,प्राणी
anniversary,वर्धापनदिन
announce,घोषणा करा
annual,वार्षिक
another,दुसरा
answer,उत्तर
anticipate,अंदाज
anxiety,चिंता
any,कोणतेही
anybody,कोणीही
anymore,यापुढे
anyone,कोणीही
anything,काहीही
anyway,असो
anywhere,कुठेही
apart,वेगळे
apartment,अपार्टमेंट
apparent,उघड
apparently,वरवर पाहता
appeal,आवाहन
appear,दिसणे
appearance,देखावा
apple,सफरचंद
application,अर्ज
apply,लागू करा
appoint,नियुक्ती
appointment,भेट
appreciate,कौतुक
approach,दृष्टिकोन
appropriate,योग्य
approval,मान्यता
approve,मंजूर
approximately,अंदाजे
Arab,अरब
architect,आर्किटेक्ट
are,आहेत
area,क्षेत्र
argue,वाद घालणे
argument,वाद
arise,उद्भवू
arm,हात
armed,सशस्त्र
army,सैन्य
around,सुमारे
arrange,व्यवस्था
arrangement,व्यवस्था
arrest,अटक
arrival,आगमन
arrive,आगमन
art,कला
article,लेख
artist,कलाकार
artistic,कलात्मक
as,म्हणून
Asian,आशियाई
aside,बाजूला
ask,विचारा
asleep,झोपलेला
aspect,पैलू
assault,हल्ला
assert,ठामपणे सांगणे
assess,मूल्यांकन
assessment,मूल्यांकन
asset,मालमत्ता
assign,नियुक्त करा
assignment,नेमणूक
assist,मदत
assistance,मदत
assistant,सहाय्यक
associate,सहकारी
association,संगती
assume,गृहीत धरा
assumption,गृहीत
assure,आश्वासन
at,येथे
athlete,धावपटू
athletic,कमावलेला
atmosphere,वातावरण
atom,अणू
attach,जोडणे
attack,हल्ला
attempt,प्रयत्न
attend,उपस्थित रहा
attention,लक्ष
attitude,वृत्ती
attorney,वकील
attract,आकर्षित करा
attractive,आकर्षक
attribute,गुणधर्म
audience,प्रेक्षक
author,लेखक
authority,अधिकार
auto,ऑटो
available,उपलब्ध
average,सरासरी
avoid,टाळा
award,पुरस्कार
aware,जाणीव
awareness,जागरूकता
away,लांब
awful,भयानक
baby,बाळ
back,परत
background,पार्श्वभूमी
bad,वाईट
badly,वाईट रीतीने
bag,पिशवी
bake,बेक करावे
balance,शिल्लक
ball,बॉल
ban,बंदी
band,बँड
bank,बँक
bar,बार
barely,जेमतेम
barrel,बंदुकीची नळी
barrier,अडथळा
base,पाया
baseball,बेसबॉल
basic,मूलभूत
basically,मुळात
basis,आधार
basket,टोपली
basketball,बास्केटबॉल
bat,वटवाघूळ
bathroom,स्नानगृह
battery,बॅटरी
battle,लढाई
be,असणे
beach,समुद्रकिनारा
bean,बीन
bear,अस्वल
beat,मार
beautiful,सुंदर
beauty,सौंदर्य
because,कारण
become,बनणे
bed,अंथरुण
bedroom,बेडरूम
been,होते
beer,बिअर
before,आधी
began,सुरुवात केली
begin,सुरू
beginning,सुरुवात
behavior,वर्तन
behind,मागे
being,अस्तित्व
belief,विश्वास
believe,विश्वास ठेवा
bell,घंटा
belong,संबंधित
below,खाली
belt,बेल्ट
bench,खंडपीठ
bend,वाकणे
beneath,खाली
benefit,फायदा
beside,बाजूला
besides,याशिवाय
best,सर्वोत्तम
bet,पैज
better,चांगले
between,यांच्यातील
beyond,पलीकडे
Bible,बायबल
big,मोठा
bike,दुचाकी
bill,बिल
billion,अब्ज
bind,बांधणे
biological,जैविक
bird,पक्षी
birth,जन्म
birthday,वाढदिवस
bit,थोडा
bite,चावणे
black,काळा
blade,ब्लेड
blame,दोष
blanket,घोंगडी
blind,आंधळा
block,ब्लॉक
blood,रक्त
blow,धक्का
blue,निळा
board,बोर्ड
boat,बोट
body,शरीर
bomb,बॉम्ब
bombing,बॉम्बस्फोट
bond,बंध
bone,हाड
book,पुस्तक
boom,भरभराट
boot,बूट
border,सीमा
born,जन्म
borrow,उधार घेणे
boss,बॉस
both,दोन्ही
bother,त्रास देणे
bottle,बाटली
bottom,तळाशी
bought,विकत घेतले
boundary,सीमा
bowl,वाडगा
box,बॉक्स
boy,मुलगा
boyfriend,प्रियकर
brain,मेंदू
branch,शाखा
brand,ब्रँड
bread,भाकरी
break,खंडित
breakfast,नाश्ता
breast,स्तन
breath,श्वास
breathe,श्वास घेणे
brick,वीट
bridge,पूल
brief,संक्षिप्त
briefly,थोडक्यात
bright,तेजस्वी
brilliant,हुशार
bring,आणा
British,ब्रिटिश
broad,व्यापक
broke,तोडले
broken,तुटलेली
brother,भाऊ
brought,आणले
brown,तपकिरी
brush,ब्रश
buck,बोकड
budget,बजेट
build,बांधणे
building,इमारत
bullet,बंदूकीची गोळी
bunch,गुच्छ
burden,ओझे
burn,जाळणे
bury,पुरणे
bus,बस
business,व्यवसाय
busy,व्यस्त
but,परंतु
butter,लोणी
button,बटण
buy,खरेदी करा
buyer,खरेदीदार
by,द्वारे
cabin,केबिन
cabinet,कपाट
cable,केबल
cake,केक
calculate,गणना करा
call,कॉल
came,आला
camera,कॅमेरा
camp,शिबिर
campaign,मोहीम
campus,कॅम्पस
can,करू शकता
Canadian,कॅनेडियन
cancer,कर्करोग
candidate,उमेदवार
cap,टोपी
capability,क्षमता
capable,सक्षम
capacity,क्षमता
capital,भांडवल
captain,कर्णधार
capture,कॅप्चर
car,गाडी
carbon,कार्बन
card,कार्ड
care,काळजी
career,करिअर
careful,काळजीपूर्वक
carefully,काळजीपूर्वक
carrier,वाहक
carry,वाहून नेणे
case,केस
cash,रोख
cast,कास्ट
cat,मांजर
catch,झेल
category,श्रेणी
Catholic,कॅथलिक
caught,झेल
cause,कारण
ceiling,कमाल मर्यादा
celebrate,साजरा करणे
celebration,उत्सव
celebrity,ख्यातनाम
cell,सेल
cent,टक्के
center,केंद्र
central,मध्यवर्ती
century,शतक
CEO,मुख्य कार्यकारी अधिकारी
ceremony,समारंभ
certain,निश्चित
certainly,नक्कीच
chain,साखळी
chair,खुर्ची
chairman,अध्यक्ष
challenge,आव्हान
chamber,चेंबर
champion,विजेता
championship,चॅम्पियनशिप
chance,संधी
change,बदल
changing,बदलत आहे
channel,चॅनल
chapter,अध्याय
character,वर्ण
characteristic,वैशिष्ट्यपूर्ण
characterize,वैशिष्ट्यपूर्ण
charge,शुल्क
charity,दानधर्म
chart,चार्ट
chase,पाठलाग
cheap,स्वस्त
check,तपासा
cheek,गाल
cheese,चीज
chef,आचारी
chemical,रासायनिक
chest,छाती
chick,चिक
chicken,कोंबडी
chief,प्रमुख
child,मूल
childhood,बालपण
children,मुले
Chinese,चिनी
chip,चिप
chocolate,चॉकलेट
choice,निवड
cholesterol,कोलेस्टेरॉल
choose,निवडा
chord,जीवा
Christian,ख्रिश्चन
Christmas,ख्रिसमस
church,चर्च
cigarette,सिगारेट
circle,वर्तुळ
circumstance,परिस्थिती
cite,उद्धरण
citizen,नागरिक
city,शहर
civil,नागरी
civilian,नागरी
claim,दावा
class,वर्ग
classic,क्लासिक
classroom,वर्ग
clean,स्वच्छ
clear,स्पष्ट
clearly,स्पष्टपणे
client,ग्राहक
climate,हवामान
climb,चढणे
clinic,चिकित्सालय
clinical,क्लिनिकल
clock,घड्याळ
close,बंद
closely,बारकाईने
closer,जवळ
clothe,कपडे
clothes,कपडे
clothing,कपडे
cloud,ढग
club,क्लब
clue,सुगावा
cluster,क्लस्टर
coach,प्रशिक्षक
coal,कोळसा
coalition,युती
coast,किनारा
coat,कोट
code,कोड
coffee,कॉफी
cognitive,संज्ञानात्मक
cold,थंड
collapse,कोसळणे
colleague,सहकारी
collect,गोळा करणे
collection,संग्रह
collective,सामूहिक
college,कॉलेज
colonial,औपनिवेशिक
colony,वसाहत
color,रंग
column,स्तंभ
combination,संयोजन
combine,एकत्र
come,ये
comedy,विनोदी
comfort,सांत्वन
comfortable,आरामदायक
command,आज्ञा
commander,सेनापती
comment,टिप्पणी
commercial,व्यावसायिक
commission,कमिशन
commit,कमिट
commitment,बांधिलकी
committee,समिती
common,सामान्य
communicate,संवाद
communication,संवाद
community,समुदाय
company,कंपनी
compare,तुलना करा
comparison,तुलना
compete,स्पर्धा
competition,स्पर्धा
competitive,स्पर्धात्मक
competitor,स्पर्धक
complain,तक्रार
complaint,तक्रार
complete,पूर्ण
completely,पूर्णपणे
complex,जटिल
complicated,क्लिष्ट
component,घटक
compose,लिहा
composition,रचना
comprehensive,व्यापक
computer,संगणक
concentrate,लक्ष केंद्रित
concentration,एकाग्रता
concept,संकल्पना
concern,चिंता
concerned,संबंधित
concert,मैफिल
conclude,निष्कर्ष
conclusion,निष्कर्ष
concrete,ठोस
condition,अट
conduct,आचरण
conference,परिषद
confidence,आत्मविश्वास
confident,आत्मविश्वास
confirm,पुष्टी
conflict,संघर्ष
confront,सामना
confusion,गोंधळ
Congress,काँग्रेस
congressional,काँग्रेस
connect,कनेक्ट करा
connection,कनेक्शन
consciousness,शुद्धी
consensus,एकमत
consequence,परिणाम
conservative,पुराणमतवादी
consider,विचार करा
considerable,लक्षणीय
consideration,विचार
consist,समाविष्ट
consistent,सुसंगत
consonant,व्यंजन
constant,स्थिर
constantly,सतत
constitute,तयार करणे
constitutional,घटनात्मक
construct,बांधणे
construction,बांधकाम
consultant,सल्लागार
consume,उपभोगणे
consumer,ग्राहक
consumption,वापर
contact,संपर्क
contain,समाविष्ट
container,कंटेनर
contemporary,समकालीन
content,सामग्री
contest,स्पर्धा
context,संदर्भ
continent,खंड
continue,सुरू
continued,चालू ठेवले
contract,करार
contrast,कॉन्ट्रास्ट
contribute,योगदान द्या
contribution,योगदान
control,नियंत्रण
controversial,वादग्रस्त
controversy,वाद
convention,अधिवेशन
conventional,पारंपारिक
conversation,संभाषण
convert,रूपांतरित करा
conviction,खात्री
convince,पटवणे
cook,कूक
cookie,कुकी
cooking,स्वयंपाक
cool,थंड
cooperation,सहकार्य
cop,पोलिस
cope,सामना
copy,प्रत
core,कोर
corn,कॉर्न
corner,कोपरा
corporate,कॉर्पोरेट
corporation,महामंडळ
correct,योग्य
correspondent,बातमीदार
cost,खर्च
cotton,कापूस
couch,पलंग
could,करू शकलो
council,परिषद
counselor,सल्लागार
count,गणना
counter,काउंटर
country,देश
county,प्रांत
couple,जोडी
courage,धैर्य
course,अभ्यासक्रम
court,न्यायालय
cousin,चुलत भाऊ
cover,कव्हर
coverage,कव्हरेज
cow,गाय
crack,क्रॅक
craft,हस्तकला
crash,आपटी
crazy,वेडा
cream,मलई
crease,क्रीज
create,तयार करा
creation,निर्मिती
creative,सर्जनशील
creature,प्राणी
credit,क्रेडिट
crew,क्रू
crime,गुन्हा
criminal,गुन्हेगार
crisis,संकट
criteria,निकष
critic,टीकाकार
critical,गंभीर
criticism,टीका
criticize,टीका करणे
crop,पीक
cross,फुली
crowd,गर्दी
crucial,निर्णायक
cry,रडणे
cultural,सांस्कृतिक
culture,संस्कृती
cup,कप
curious,उत्सुक
current,वर्तमान
currently,सध्या
curriculum,अभ्यासक्रम
custom,सानुकूल
customer,ग्राहक
cut,कट
cycle,सायकल
dad,बाबा
daily,दररोज
damage,नुकसान
dance,नृत्य
danger,धोका
dangerous,धोकादायक
dare,धाडस
dark,गडद
darkness,अंधार
data,डेटा
date,तारीख
daughter,मुलगी
day,दिवस
dead,मृत
deal,करार
dealer,डीलर
dear,प्रिय
death,मृत्यू
debate,वादविवाद
debt,कर्ज
decade,दशक
decide,ठरवा
decimal,दशांश
decision,निर्णय
deck,डेक
declare,जाहीर करा
decline,घट
decrease,कमी
deep,खोल
deeply,खोलवर
deer,हरिण
defeat,पराभव
defend,बचाव
defendant,प्रतिवादी
defense,संरक्षण
defensive,बचावात्मक
deficit,तूट
define,परिभाषित
definitely,निश्चितपणे
definition,व्याख्या
degree,पदवी
delay,विलंब
deliver,वितरित करा
delivery,वितरण
demand,मागणी
democracy,लोकशाही
Democrat,लोकशाही
democratic,लोकशाही
demonstrate,प्रात्यक्षिक
demonstration,प्रात्यक्षिक
deny,नाकारणे
department,विभाग
depend,अवलंबून
dependent,अवलंबून
depending,अवलंबून
depict,चित्रण
depression,नैराश्य
depth,खोली
deputy,उप
derive,मिळवणे
describe,वर्णन करणे
description,वर्णन
desert,वाळवंट
deserve,पात्र
design,रचना
designer,डिझायनर
desire,इच्छा
desk,डेस्क
desperate,हताश
despite,असूनही
destroy,नष्ट करणे
destruction,नाश
detail,तपशील
detailed,तपशीलवार
detect,शोधणे
determine,निश्चित करा
develop,विकसित करा
developing,विकसनशील
development,विकास
device,साधन
devote,भक्त
dialogue,संवाद
dictionary,शब्दकोश
did,केले
die,मरणे
diet,आहार
differ,भिन्न
difference,फरक
different,भिन्न
differently,वेगळ्या प्रकारे
difficult,कठीण
difficulty,अडचण
dig,खणणे
digital,डिजिटल
dimension,परिमाण
dining,जेवणाचे
dinner,रात्रीचे जेवण
direct,थेट
direction,दिशा
directly,थेट
director,दिग्दर्शक
dirt,घाण
dirty,गलिच्छ
disability,दिव्यांग
disagree,असहमत
disappear,अदृश्य
disaster,आपत्ती
discipline,शिस्त
discourse,प्रवचन
discover,शोधणे
discovery,शोध
discrimination,भेदभाव
discuss,चर्चा करा
discussion,चर्चा
disease,आजार
dish,ताटली
dismiss,काढून टाकणे
disorder,विकार
display,प्रदर्शन
dispute,वाद
distance,अंतर
distant,दूर
distinct,वेगळा
distinction,फरक
distinguish,वेगळे करणे
distribute,वितरित करा
distribution,वितरण
district,जिल्हा
diverse,वैविध्यपूर्ण
diversity,विविधता
divide,विभागणे
division,विभागणी
divorce,घटस्फोट
DNA,डीएनए
do,करा
doctor,डॉक्टर
document,दस्तऐवज
does,करते
dog,कुत्रा
dollar,डॉलर
domestic,घरगुती
dominant,प्रबळ
dominate,वर्चस्व गाजवणे
don’t,करू नका
done,केले
door,दरवाजा
double,दुहेरी
doubt,शंका
down,खाली
downtown,डाउनटाउन
dozen,डझन
draft,मसुदा
drag,ड्रॅग करा
drama,नाटक
dramatic,नाट्यमय
dramatically,नाटकीय
draw,काढा
drawing,रेखाचित्र
dream,स्वप्न
dress,ड्रेस
drink,पेय
drive,चालवा
driver,चालक
drop,थेंब
drug,औषध
dry,कोरडे
duck,बदक
due,देय
during,दरम्यान
dust,धूळ
duty,कर्तव्य
each,प्रत्येक
eager,उत्सुक
ear,कान
early,लवकर
earn,कमवा
earnings,कमाई
earth,पृथ्वी
ease,सहजता
easily,सहज
east,पूर्व
eastern,पूर्वेकडील
easy,सोपे
eat,खा
economic,आर्थिक
economics,अर्थशास्त्र
economist,अर्थशास्त्रज्ञ
economy,अर्थव्यवस्था
edge,धार
edition,आवृत्ती
editor,संपादक
educate,शिकवणे
education,शिक्षण
educational,शैक्षणिक
educator,शिक्षक
effect,परिणाम
effective,प्रभावी
effectively,प्रभावीपणे
efficiency,कार्यक्षमता
efficient,कार्यक्षम
effort,प्रयत्न
egg,अंडी
eight,आठ
either,एकतर
elderly,वृद्ध
elect,निवड
election,निवडणूक
electric,विद्युत
electricity,वीज
electronic,इलेक्ट्रॉनिक
element,घटक
elementary,प्राथमिक
eliminate,दूर करणे
elite,अभिजन
else,इतर
elsewhere,इतरत्र
e-mail,ई-मेल
embrace,आलिंगन
emerge,उदयास येणे
emergency,आणीबाणी
emission,उत्सर्जन
emotion,भावना
emotional,भावनिक
emphasis,भर
emphasize,जोर देणे
employ,नोकरी
employee,कर्मचारी
employer,नियोक्ता
employment,रोजगार
empty,रिक्त
enable,सक्षम करा
encounter,भेट
encourage,प्रोत्साहित करा
end,शेवट
enemy,शत्रू
energy,ऊर्जा
enforcement,अंमलबजावणी
engage,गुंतणे
engine,इंजिन
engineer,अभियंता
engineering,अभियांत्रिकी
English,इंग्रजी
enhance,वाढविण्यासाठी
enjoy,आनंद घ्या
enormous,प्रचंड
enough,पुरेसा
ensure,खात्री करा
enter,प्रविष्ट करा
enterprise,उद्योग
entertainment,मनोरंजन
entire,संपूर्ण
entirely,संपूर्णपणे
entrance,प्रवेशद्वार
entry,प्रवेश
environment,पर्यावरण
environmental,पर्यावरणविषयक
episode,भाग
equal,समान
equally,तितकेच
equate,समान
equipment,उपकरणे
era,युग
error,त्रुटी
escape,पळून जा
especially,विशेषतः
essay,निबंध
essential,अत्यावश्यक
essentially,मूलत:
establish,स्थापन करणे
establishment,स्थापना
estate,इस्टेट
estimate,अंदाज
etc,इ
ethics,नैतिकता
ethnic,जातीय
European,युरोपियन
evaluate,मूल्यमापन करा
evaluation,मूल्यमापन
even,अगदी
evening,संध्याकाळ
event,कार्यक्रम
eventually,अखेरीस
ever,कधीही
every,प्रत्येक
everybody,प्रत्येकजण
everyday,रोज
everyone,प्रत्येकजण
everything,सर्व काही
everywhere,सर्वत्र
evidence,पुरावा
evolution,उत्क्रांती
evolve,विकसित
exact,अचूक
exactly,नक्की
examination,परीक्षा
examine,परीक्षण
example,उदाहरण
exceed,जास्त
excellent,उत्कृष्ट
except,वगळता
exception,अपवाद
exchange,देवाणघेवाण
excite,खळबळ
exciting,रोमांचक
executive,कार्यकारी
exercise,व्यायाम
exhibit,प्रदर्शन
exhibition,प्रदर्शन
exist,अस्तित्वात
existence,अस्तित्व
existing,विद्यमान
expand,विस्तृत करा
expansion,विस्तार
expect,अपेक्षा
expectation,अपेक्षा
expense,खर्च
expensive,महाग
experience,अनुभव
experiment,प्रयोग
expert,तज्ञ
explain,स्पष्ट करणे
explanation,स्पष्टीकरण
explode,एकदम बाहेर पडणे
explore,अन्वेषण
explosion,स्फोट
expose,उघड करणे
exposure,उद्भासन
express,व्यक्त करा
expression,अभिव्यक्ती
extend,वाढवणे
extension,विस्तार
extensive,विस्तृत
extent,मर्यादा
external,बाह्य
extra,अतिरिक्त
extraordinary,विलक्षण
extreme,अत्यंत
extremely,अत्यंत
eye,डोळा
fabric,कापड
face,चेहरा
facility,सुविधा
fact,वस्तुस्थिती
factor,घटक
factory,कारखाना
faculty,प्राध्यापक
fade,कोमेजणे
fail,अपयशी
failure,अपयश
fair,योग्य
fairly,निष्पक्षपणे
faith,विश्वास
fall,पडणे
familiar,परिचित
family,कुटुंब
famous,प्रसिद्ध
fan,चाहता
fantasy,कल्पनारम्य
far,दूर
farm,शेत
farmer,शेतकरी
fashion,फॅशन
fast,वेगवान
fat,चरबी
fate,नशीब
father,वडील
fault,दोष
favor,अनुकूलता
favorite,आवडते
fear,भीती
feature,वैशिष्ट्य
federal,फेडरल
fee,शुल्क
feed,अन्न देणे
feel,वाटत
feeling,भावना
feet,पाय
fell,पडले
fellow,सहकारी
felt,वाटले
female,महिला
fence,कुंपण
few,काही
fewer,कमी
fiber,फायबर
fiction,काल्पनिक
field,फील्ड
fifteen,पंधरा
fifth,पाचवा
fifty,पन्नास
fig,अंजीर
fight,लढा
fighter,सेनानी
fighting,लढा
figure,आकृती
file,फाइल
fill,भरा
film,चित्रपट
final,अंतिम
finally,शेवटी
finance,वित्त
financial,आर्थिक
find,शोधणे
finding,शोधणे
fine,ठीक
finger,बोट
finish,समाप्त
fire,आग
firm,ठाम
first,पहिला
fish,मासे
fishing,मासेमारी
fit,फिट
fitness,फिटनेस
five,पाच
fix,निराकरण
flag,झेंडा
flame,ज्योत
flat,फ्लॅट
flavor,चव
flee,पळून जा
flesh,मांस
flight,उड्डाण
float,तरंगणे
floor,मजला
flow,प्रवाह
flower,फूल
fly,उडणे
focus,फोकस
folk,लोक
follow,अनुसरण करा
following,खालील
food,अन्न
foot,पाऊल
football,फुटबॉल
for,च्या साठी
force,शक्ती
foreign,परदेशी
forest,वन
forever,कायमचे
forget,विसरणे
form,फॉर्म
formal,औपचारिक
formation,निर्मिती
former,माजी
formula,सुत्र
forth,पुढे
fortune,दैव
forward,पुढे
found,आढळले
foundation,पाया
founder,संस्थापक
four,चार
fourth,चौथा
fraction,अपूर्णांक
frame,फ्रेम
framework,चौकट
free,फुकट
freedom,स्वातंत्र्य
freeze,गोठवणे
French,फ्रेंच
frequency,वारंवारता
frequent,वारंवार
frequently,वारंवार
fresh,ताजे
friend,मित्र
friendly,मैत्रीपूर्ण
friendship,मैत्री
from,कडून
front,समोर
fruit,फळ
frustration,निराशा
fuel,इंधन
full,पूर्ण
fully,पूर्णपणे
fun,मजा
function,कार्य
fund,निधी
fundamental,मूलभूत
funding,निधी
funeral,अंत्यसंस्कार
funny,मजेदार
furniture,फर्निचर
furthermore,शिवाय
future,भविष्य
gain,लाभ
galaxy,आकाशगंगा
gallery,गॅलरी
game,खेळ
gang,टोळी
gap,अंतर
garage,गॅरेज
garden,बाग
garlic,लसूण
gas,वायू
gate,गेट
gather,गोळा करणे
gave,दिली
gay,समलिंगी
gaze,टक लावून पाहणे
gear,गियर
gender,लिंग
gene,जनुक
general,सामान्य
generally,साधारणपणे
generate,उत्पन्न करा
generation,पिढी
genetic,अनुवांशिक
gentle,सौम्य
gentleman,सज्जन
gently,हळूवारपणे
German,जर्मन
gesture,हावभाव
get,मिळवा
ghost,भूत
giant,राक्षस
gift,भेट
gifted,भेटवस्तू
girl,मुलगी
girlfriend,मैत्रीण
give,देणे
given,दिले
glad,आनंदी
glance,नजर
glass,काच
global,जागतिक
glove,हातमोजा
go,जा
goal,ध्येय
God,देव
gold,सोने
golden,सोनेरी
golf,गोल्फ
gone,गेले
good,चांगले
got,मिळाले
govern,शासन
government,सरकार
governor,राज्यपाल
grab,पकडणे
grade,श्रेणी
gradually,हळूहळू
graduate,पदवीधर
grain,धान्य
grand,भव्य
grandfather,आजोबा
grandmother,आजी
grant,अनुदान
grass,गवत
grave,कबर
gray,राखाडी
great,छान
greatest,सर्वात मोठा
green,हिरवा
grew,वाढले
grocery,किराणा
ground,जमीन
group,गट
grow,वाढणे
growing,वाढत आहे
growth,वाढ
guarantee,हमी
guard,रक्षक
guess,अंदाज
guest,अतिथी
guide,मार्गदर्शन
guideline,मार्गदर्शक सूचना
guilty,अपराधी
gun,बंदूक
guy,माणूस
habit,सवय
habitat,निवासस्थान
had,होते
hair,केस
half,अर्धा
hall,हॉल
hand,हात
handful,मूठभर
handle,हाताळणे
hang,फाशी देणे
happen,घडणे
happy,आनंदी
hard,कठीण
hardly,क्वचितच
has,आहे
hat,टोपी
hate,द्वेष
have,आहे
he,तो
head,डोके
headline,मथळा
headquarters,मुख्यालय
health,आरोग्य
healthy,निरोगी
hear,ऐका
heard,ऐकले
hearing,सुनावणी
heart,हृदय
heat,उष्णता
heaven,स्वर्ग
heavily,जोरदारपणे
heavy,जड
heel,टाच
height,उंची
held,आयोजित
helicopter,हेलिकॉप्टर
hell,नरक
hello,नमस्कार
help,मदत
helpful,उपयुक्त
her,तिला
here,येथे
heritage,वारसा
hero,नायक
herself,स्वतः
hey,अहो
hi,हाय
hide,लपवा
high,उच्च
highlight,ठळक
highly,अत्यंत
highway,महामार्ग
hill,टेकडी
him,त्याला
himself,स्वतः
hip,नितंब
hire,भाड्याने
his,त्याचा
historian,इतिहासकार
historic,ऐतिहासिक
historical,ऐतिहासिक
history,इतिहास
hit,दाबा
hold,धरून ठेवा
hole,भोक
holiday,सुट्टी
holy,पवित्र
home,मुख्यपृष्ठ
homeless,बेघर
honest,प्रामाणिक
honey,मध
honor,सन्मान
hope,आशा
horizon,क्षितीज
horror,भयपट
horse,घोडा
hospital,रुग्णालय
host,होस्ट
hot,गरम
hotel,हॉटेल
hour,तास
house,घर
household,घरगुती
housing,गृहनिर्माण
how,कसे
however,तथापि
huge,प्रचंड
human,मानव
humor,विनोद
hundred,शंभर
hungry,भुकेलेला
hunt,शिकार
hunter,शिकारी
hunting,शिकार
hurry,घाई करा
hurt,दुखापत
husband,नवरा
hypothesis,गृहीतक
I,मी
ice,बर्फ
idea,कल्पना
ideal,आदर्श
identification,ओळख
identify,ओळखा
identity,ओळख
ie,उदा
if,तर
ignore,दुर्लक्ष करा
ill,आजारी
illegal,बेकायदेशीर
illness,आजार
illustrate,स्पष्ट करा
image,प्रतिमा
imagination,कल्पना
imagine,कल्पना करा
immediate,तत्काळ
immediately,लगेच
immigrant,स्थलांतरित
immigration,स्थलांतर
impact,परिणाम
implement,अंमलात आणणे
implication,अर्थ
imply,सूचित करणे
importance,महत्त्व
important,महत्वाचे
impose,लादणे
impossible,अशक्य
impress,प्रभावित करणे
impression,ठसा
impressive,प्रभावी
improve,सुधारणे
improvement,सुधारणा
in,मध्ये
incentive,प्रोत्साहन
inch,इंच
incident,घटना
include,समाविष्ट करा
including,समावेश
income,उत्पन्न
incorporate,अंतर्भूत करणे
increase,वाढ
increased,वाढली
increasing,वाढत आहे
increasingly,वाढत्या प्रमाणात
incredible,अविश्वसनीय
indeed,खरंच
independence,स्वातंत्र्य
independent,स्वतंत्र
index,निर्देशांक
Indian,भारतीय
indicate,सूचित करा
indication,संकेत
individual,वैयक्तिक
industrial,औद्योगिक
industry,उद्योग
infant,अर्भक
infection,संसर्ग
inflation,महागाई
influence,प्रभाव
inform,माहिती देणे
information,माहिती
ingredient,घटक
initial,प्रारंभिक
initially,सुरुवातीला
initiative,पुढाकार
injury,इजा
inner,आतील
innocent,निष्पाप
inquiry,चौकशी
insect,कीटक
inside,आत
insight,अंतर्दृष्टी
insist,आग्रह धरणे
inspire,प्रेरणा
install,स्थापित करा
instance,उदाहरण
instant,झटपट
instead,त्याऐवजी
institution,संस्था
institutional,संस्थात्मक
instruction,सूचना
instructor,शिक्षक
instrument,वाद्य
insurance,विमा
intellectual,बौद्धिक
intelligence,बुद्धिमत्ता
intend,हेतू
intense,तीव्र
intensity,तीव्रता
intention,हेतू
interaction,संवाद
interest,व्याज
interested,स्वारस्य आहे
interesting,मनोरंजक
internal,अंतर्गत
international,आंतरराष्ट्रीय
Internet,इंटरनेट
interpret,अर्थ लावणे
interpretation,व्याख्या
intervention,हस्तक्षेप
interview,मुलाखत
into,मध्ये
introduce,परिचय
introduction,परिचय
invasion,आक्रमण
invent,शोध
invest,गुंतवणूक करा
investigate,चौकशी
investigation,तपास
investigator,तपासनीस
investment,गुंतवणूक
investor,गुंतवणूकदार
invite,आमंत्रण
involve,गुंतवणे
involved,सहभागी
involvement,सहभाग
Iraqi,इराकी
Irish,आयरिश
iron,लोह
is,आहे
Islamic,इस्लामिक
island,बेट
Israeli,इस्रायली
issue,मुद्दा
it,ते
Italian,इटालियन
item,आयटम
its,त्याचे
itself,स्वतः
jacket,जाकीट
jail,तुरुंग
Japanese,जपानी
jet,जेट
Jew,ज्यू
Jewish,ज्यू
job,नोकरी
join,सामील व्हा
joint,संयुक्त
joke,विनोद
journal,जर्नल
journalist,पत्रकार
journey,प्रवास
joy,आनंद
judge,न्यायाधीश
judgment,निर्णय
juice,रस
jump,उडी
junior,कनिष्ठ
jury,ज्यूरी
just,फक्त
justice,न्याय
justify,न्याय्य
keep,ठेवा
kept,ठेवले
key,की
kick,लाथ मारणे
kid,मूल
kill,मारणे
killer,मारेकरी
killing,हत्या
kind,दयाळू
king,राजा
kiss,चुंबन
kitchen,स्वयंपाकघर
knee,गुडघा
knew,माहित होते
knife,चाकू
knock,ठोठावणे
know,माहित आहे
knowledge,ज्ञान
lab,प्रयोगशाळा
label,लेबल
labor,श्रम
laboratory,प्रयोगशाळा
lack,अभाव
lady,बाई
lake,लेक
land,जमीन
landscape,लँडस्केप
language,इंग्रजी
lap,मांडी
large,मोठा
largely,मोठ्या प्रमाणात
last,शेवटचा
late,उशीरा
later,नंतर
Latin,लॅटिन
latter,नंतरचे
laugh,हसणे
launch,प्रक्षेपण
law,कायदा
lawn,लॉन
lawsuit,खटला
lawyer,वकील
lay,घालणे
layer,थर
lead,आघाडी
leader,नेता
leadership,नेतृत्व
leading,अग्रगण्य
leaf,पान
league,लीग
lean,दुबळे
learn,शिका
learning,शिकणे
least,किमान
leather,लेदर
leave,सोडा
led,एलईडी
left,डावीकडे
leg,पाय
legacy,वारसा
legal,कायदेशीर
legend,आख्यायिका
legislation,कायदे
legitimate,कायदेशीर
lemon,लिंबू
length,लांबी
less,कमी
lesson,धडा
let,द्या
letter,पत्र
level,पातळी
liberal,उदारमतवादी
library,ग्रंथालय
license,परवाना
lie,खोटे बोलणे
life,जीवन
lifestyle,जीवनशैली
lifetime,आजीवन
lift,लिफ्ट
light,प्रकाश
like,सारखे
likely,शक्यता
limit,मर्यादा
limitation,मर्यादा
limited,मर्यादित
line,ओळ
link,दुवा
lip,ओठ
liquid,द्रव
list,यादी
listen,ऐका
literally,शब्दशः
literary,साहित्य
literature,साहित्य
little,थोडे
live,राहतात
living,जगणे
load,भार
loan,कर्ज
local,स्थानिक
locate,शोधून काढणे
location,स्थान
lock,कुलूप
log,लॉग
lone,एकटा
long,लांब
long-term,दीर्घकालीन
look,दिसत
loose,सैल
lose,हरवणे
loss,तोटा
lost,हरवले
lot,भरपूर
lots,बरेच
loud,मोठ्याने
love,प्रेम
lovely,सुंदर
lover,प्रियकर
low,कमी
lower,कमी
luck,नशीब
lucky,नशीबवान
lunch,दुपारचे जेवण
lung,फुफ्फुस
machine,मशीन
mad,वेडा
made,केले
magazine,मासिक
magnet,चुंबक
mail,मेल
main,मुख्य
mainly,प्रामुख्याने
maintain,राखणे
maintenance,देखभाल
major,प्रमुख
majority,बहुमत
make,बनवा
maker,निर्माता
makeup,मेकअप
male,पुरुष
mall,मॉल
man,माणूस
manage,व्यवस्थापित करा
management,व्यवस्थापन
manager,व्यवस्थापक
manner,रीतीने
manufacturer,निर्माता
manufacturing,उत्पादन
many,अनेक
map,नकाशा
margin,मार्जिन
mark,चिन्ह
market,बाजार
marketing,विपणन
marriage,लग्न
married,विवाहित
marry,लग्न करा
mask,मुखवटा
mass,वस्तुमान
massive,प्रचंड
master,मास्टर
match,सामना
material,साहित्य
math,गणित
matter,बाब
may,मे
maybe,कदाचित
mayor,महापौर
me,मी
meal,जेवण
mean,म्हणजे
meaning,अर्थ
meant,म्हणजे
meanwhile,दरम्यान
measure,मोजमाप
measurement,मोजमाप
meat,मांस
mechanism,यंत्रणा
media,मीडिया
medical,वैद्यकीय
medication,औषधोपचार
medicine,औषध
medium,मध्यम
meet,भेटणे
meeting,बैठक
melody,माधुर्य
member,सदस्य
membership,सदस्यत्व
memory,स्मृती
men,पुरुष
mental,वेडा
mention,उल्लेख
menu,मेनू
mere,फक्त
merely,फक्त
mess,गोंधळ
message,संदेश
metal,धातू
meter,मीटर
method,पद्धत
Mexican,मेक्सिकन
middle,मध्य
might,कदाचित
mile,मैल
military,सैन्य
milk,दूध
million,दशलक्ष
mind,मन
mine,माझे
minister,मंत्री
minor,किरकोळ
minority,अल्पसंख्याक
minute,मिनिट
miracle,चमत्कार
mirror,आरसा
miss,चुकणे
missile,क्षेपणास्त्र
mission,मिशन
mistake,चूक
mix,मिक्स
mixture,मिश्रण
mode,मोड
model,मॉडेल
moderate,मध्यम
modern,आधुनिक
modest,विनम्र
molecule,रेणू
mom,आई
moment,क्षण
money,पैसा
monitor,निरीक्षण
month,महिना
mood,मूड
moon,चंद्र
moral,नैतिक
more,अधिक
moreover,शिवाय
morning,सकाळी
mortgage,गहाण
most,जास्तीत जास्त
mostly,मुख्यतः
mother,आई
motion,हालचाल
motivation,प्रेरणा
motor,मोटर
mount,माउंट
mountain,डोंगर
mouse,उंदीर
mouth,तोंड
move,हलवा
movement,चळवळ
movie,चित्रपट
Mr,श्री
Mrs,सौ
Ms,कु
much,खूप
multiple,अनेक
multiply,गुणाकार
murder,खून
muscle,स्नायू
museum,संग्रहालय
music,संगीत
musical,संगीत
musician,संगीतकार
Muslim,मुसलमान
must,हे केलेच पाहिजे
mutual,परस्पर
my,माझे
myself,स्वतः
mystery,गूढ
myth,मिथक
naked,नग्न
name,नाव
narrative,कथा
narrow,अरुंद
nation,राष्ट्र
national,राष्ट्रीय
native,मुळ
natural,नैसर्गिक
naturally,नैसर्गिकरित्या
nature,निसर्ग
near,जवळ
nearby,जवळ
nearly,जवळजवळ
necessarily,अपरिहार्यपणे
necessary,आवश्यक
neck,मान
need,गरज
negative,नकारात्मक
negotiate,वाटाघाटी
negotiation,वाटाघाटी
neighbor,शेजारी
neighborhood,शेजार
neither,नाही
nerve,मज्जातंतू
nervous,चिंताग्रस्त
net,निव्वळ
network,नेटवर्क
never,कधीच नाही
nevertheless,असे असले तरी
new,नवीन
newly,नवीन
news,बातमी
newspaper,वृत्तपत्र
next,पुढे
nice,छान
night,रात्र
nine,नऊ
no,नाही
nobody,कोणीही नाही
nod,होकार
noise,आवाज
nomination,नामांकन
none,काहीही नाही
nonetheless,तरीही
noon,दुपार
nor,नाही
normal,सामान्य
normally,साधारणपणे
north,उत्तर
northern,उत्तर
nose,नाक
not,नाही
note,टीप
nothing,काहीही नाही
notice,सूचना
notion,कल्पना
noun,संज्ञा
novel,कादंबरी
now,आता
nowhere,कोठेही नाही
n’t,नाही
nuclear,आण्विक
number,संख्या
numeral,अंक
numerous,असंख्य
nurse,परिचारिका
nut,नट
object,ऑब्जेक्ट
objective,उद्दिष्ट
obligation,बंधन
observation,निरीक्षण
observe,निरीक्षण
observer,निरीक्षक
obtain,मिळवणे
obvious,स्पष्ट
obviously,स्पष्टपणे
occasion,प्रसंग
occasionally,अधूनमधून
occupation,व्यवसाय
occupy,व्यापू
occur,उद्भवते
ocean,महासागर
odd,विषम
odds,शक्यता
of,च्या
off,बंद
offense,गुन्हा
offensive,आक्षेपार्ह
offer,ऑफर
office,कार्यालय
officer,अधिकारी
official,अधिकृत
often,अनेकदा
oh,अरे
oil,तेल
ok,ठीक आहे
okay,ठीक आहे
old,जुन्या
Olympic,ऑलिम्पिक
on,चालू
once,एकदा
one,एक
ongoing,चालू आहे
onion,कांदा
online,ऑनलाइन
only,फक्त
onto,वर
open,उघडा
opening,उघडणे
operate,चालवा
operating,कार्यरत
operation,ऑपरेशन
operator,ऑपरेटर
opinion,मत
opponent,विरोधक
opportunity,संधी
oppose,विरोध करा
opposite,उलट
opposition,विरोध
option,पर्याय
or,किंवा
orange,नारिंगी
order,ऑर्डर
ordinary,सामान्य
organ,अवयव
organic,सेंद्रिय
organization,संघटना
organize,आयोजित करा
orientation,अभिमुखता
origin,मूळ
original,मूळ
originally,मूलतः
other,इतर
others,इतर
otherwise,अन्यथा
ought,पाहिजे
our,आमचे
ourselves,स्वतः
out,बाहेर
outcome,परिणाम
outside,बाहेर
oven,ओव्हन
over,प्रती
overall,एकूण
overcome,मात
overlook,दुर्लक्ष
owe,देणे
own,स्वतःचे
owner,मालक
oxygen,ऑक्सिजन
pace,वेग
pack,पॅक
package,पॅकेज
page,पृष्ठ
pain,वेदना
painful,वेदनादायक
paint,रंग
painter,चित्रकार
painting,चित्रकला
pair,जोडी
pale,फिकट
Palestinian,पॅलेस्टिनी
palm,हस्तरेखा
pan,पॅन
panel,पॅनेल
pant,पँट
paper,कागद
paragraph,परिच्छेद
parent,पालक
park,पार्क
parking,पार्किंग
part,भाग
participant,सहभागी
participate,सहभागी व्हा
participation,सहभाग
particular,विशिष्ट
particularly,विशेषतः
partly,अंशतः
partner,भागीदार
partnership,भागीदारी
party,पार्टी
pass,पास
passage,रस्ता
passenger,प्रवासी
passion,आवड
past,भूतकाळ
patch,पॅच
path,मार्ग
patient,रुग्ण
pattern,नमुना
pause,विराम द्या
pay,पैसे द्या
payment,पेमेंट
PC,पीसी
peace,शांतता
peak,शिखर
peer,समवयस्क
penalty,दंड
people,लोक
pepper,मिरपूड
per,प्रति
perceive,जाणणे
percentage,टक्केवारी
perception,समज
perfect,परिपूर्ण
perfectly,उत्तम प्रकारे
perform,करा
performance,कामगिरी
perhaps,कदाचित
period,कालावधी
permanent,कायम
permission,परवानगी
permit,परवानगी
person,व्यक्ती
personal,वैयक्तिक
personality,व्यक्तिमत्व
personally,वैयक्तिकरित्या
personnel,कर्मचारी
perspective,दृष्टीकोन
persuade,मन वळवणे
pet,पाळीव प्राणी
phase,टप्पा
phenomenon,घटना
philosophy,तत्वज्ञान
phone,फोन
photo,छायाचित्र
photograph,फोटो
photographer,छायाचित्रकार
phrase,वाक्यांश
physical,शारीरिक
physically,शारीरिकदृष्ट्या
physician,वैद्य
piano,पियानो
pick,निवडा
picture,चित्र
pie,पाई
piece,तुकडा
pile,ढीग
pilot,पायलट
pine,पाइन
pink,गुलाबी
pipe,पाईप
pitch,खेळपट्टी
place,ठिकाण
plain,साधा
plan,योजना
plane,विमान
planet,ग्रह
planning,नियोजन
plant,वनस्पती
plastic,प्लास्टिक
plate,प्लेट
platform,व्यासपीठ
play,खेळ
player,खेळाडू
please,कृपया
pleasure,आनंद
plenty,भरपूर
plot,प्लॉट
plural,अनेकवचन
plus,अधिक
PM,सायं
pocket,खिसा
poem,कविता
poet,कवी
poetry,कविता
point,बिंदू
pole,खांब
police,पोलीस
policy,धोरण
political,राजकीय
politically,राजकीयदृष्ट्या
politician,राजकारणी
politics,राजकारण
poll,मतदान
pollution,प्रदूषण
pool,पूल
poor,गरीब
pop,पॉप
popular,लोकप्रिय
populate,लोकसंख्या वाढवणे
population,लोकसंख्या
porch,पोर्च
port,बंदर
portion,भाग
portrait,पोर्ट्रेट
portray,चित्रण
pose,मुद्रा
position,स्थिती
positive,सकारात्मक
possess,ताब्यात घेणे
possibility,शक्यता
possible,शक्य
possibly,शक्यतो
post,पोस्ट
pot,भांडे
potato,बटाटा
potential,संभाव्य
potentially,संभाव्य
pound,पाउंड
pour,ओतणे
poverty,गरिबी
powder,पावडर
power,शक्ती
powerful,शक्तिशाली
practical,व्यावहारिक
practice,सराव
pray,प्रार्थना करा
prayer,प्रार्थना
precisely,तंतोतंत
predict,अंदाज
prefer,प्राधान्य
preference,प्राधान्य
pregnancy,गर्भधारणा
pregnant,गर्भवती
preparation,तयारी
prepare,तयार करा
prescription,प्रिस्क्रिप्शन
presence,उपस्थिती
present,उपस्थित
presentation,सादरीकरण
preserve,जतन करणे
president,अध्यक्ष
presidential,अध्यक्षीय
press,दाबा
pressure,दबाव
pretend,ढोंग
pretty,सुंदर
prevent,प्रतिबंध
previous,मागील
previously,पूर्वी
price,किंमत
pride,अभिमान
priest,पुजारी
primarily,प्रामुख्याने
primary,प्राथमिक
prime,प्रमुख
principal,प्राचार्य
principle,तत्त्व
print,छापणे
prior,आधी
priority,प्राधान्य
prison,तुरुंग
prisoner,कैदी
privacy,गोपनीयता
private,खाजगी
probable,संभाव्य
probably,कदाचित
problem,समस्या
procedure,प्रक्रिया
proceed,पुढे जा
process,प्रक्रिया
produce,उत्पादन
producer,निर्माता
product,उत्पादन
production,उत्पादन
profession,व्यवसाय
professional,व्यावसायिक
professor,प्राध्यापक
profile,प्रोफाइल
profit,नफा
program,कार्यक्रम
progress,प्रगती
project,प्रकल्प
prominent,प्रमुख
promise,वचन
promote,प्रोत्साहन देणे
prompt,तत्पर
proof,पुरावा
proper,योग्य
properly,व्यवस्थित
property,मालमत्ता
proportion,प्रमाण
proposal,प्रस्ताव
propose,प्रस्ताव
proposed,प्रस्तावित
prosecutor,फिर्यादी
prospect,संभावना
protect,संरक्षण
protection,संरक्षण
protein,प्रथिने
protest,निषेध
proud,अ भी मा न
prove,सिद्ध करा
provide,प्रदान
provider,प्रदाता
province,प्रांत
provision,तरतूद
psychological,मानसिक
psychologist,मानसशास्त्रज्ञ
psychology,मानसशास्त्र
public,सार्वजनिक
publication,प्रकाशन
publicly,जाहीरपणे
publish,प्रकाशित करा
publisher,प्रकाशक
pull,खेचणे
punishment,शिक्षा
purchase,खरेदी
pure,शुद्ध
purpose,उद्देश
pursue,पाठलाग करणे
push,धक्का
put,ठेवले
qualify,पात्र
quality,गुणवत्ता
quart,चौथा
quarter,तिमाहीत
quarterback,क्वार्टरबॅक
question,प्रश्न
quick,जलद
quickly,पटकन
quiet,शांत
quietly,शांतपणे
quit,सोडा
quite,बऱ्यापैकी
quote,कोट
quotient,भाग
race,शर्यत
racial,वांशिक
radical,संपूर्ण
radio,रेडिओ
rail,रेल्वे
rain,पाऊस
raise,वाढवणे
ran,धावले
range,श्रेणी
rank,रँक
rapid,वेगवान
rapidly,वेगाने
rare,दुर्मिळ
rarely,क्वचितच
rate,दर
rather,त्याऐवजी
rating,रेटिंग
ratio,गुणोत्तर
raw,कच्चा
reach,पोहोच
react,प्रतिक्रिया
reaction,प्रतिक्रिया
read,वाचा
reader,वाचक
reading,वाचन
ready,तयार
real,वास्तविक
reality,वास्तव
realize,जाणीव
really,खरोखर
reason,कारण
reasonable,वाजवी
recall,आठवणे
receive,प्राप्त करा
recent,अलीकडील
recently,अलीकडे
recipe,कृती
recognition,ओळख
recognize,ओळखणे
recommend,शिफारस करा
recommendation,शिफारस
record,विक्रम
recording,मुद्रित करणे
recover,पुनर्प्राप्त करा
recovery,पुनर्प्राप्ती
recruit,भरती
red,लाल
reduce,कमी करा
reduction,घट
refer,संदर्भ
reference,संदर्भ
reflect,प्रतिबिंबित करा
reflection,प्रतिबिंब
reform,सुधारणा
refugee,निर्वासित
refuse,नकार
regard,संबंध
regarding,संबंधित
regardless,पर्वा न करता
regime,शासन
region,प्रदेश
regional,प्रादेशिक
register,नोंदणी करा
regular,नियमित
regularly,नियमितपणे
regulate,नियमन करणे
regulation,नियमन
reinforce,बळकट करणे
reject,नाकारणे
relate,संबंधित
relation,संबंध
relationship,नाते
relative,नातेवाईक
relatively,तुलनेने
relax,आराम
release,सोडणे
relevant,संबंधित
relief,आराम
religion,धर्म
religious,धार्मिक
rely,विसंबून राहा
remain,राहिले
remaining,शिल्लक
remarkable,उल्लेखनीय
remember,लक्षात ठेवा
remind,आठवण करून देणे
remote,दूरस्थ
remove,काढा
repeat,पुन्हा करा
repeatedly,वारंवार
replace,पुनर्स्थित करा
reply,उत्तर
report,अहवाल
reporter,रिपोर्टर
represent,प्रतिनिधित्व
representation,प्रतिनिधित्व
representative,प्रतिनिधी
Republican,रिपब्लिकन
reputation,प्रतिष्ठा
request,विनंती
require,आवश्यक
requirement,आवश्यकता
research,संशोधन
researcher,संशोधक
resemble,सारखा
reservation,आरक्षण
resident,रहिवासी
resist,प्रतिकार
resistance,प्रतिकार
resolution,ठराव
resolve,संकल्प
resort,रिसॉर्ट
resource,संसाधन
respect,आदर
respond,प्रतिसाद
respondent,प्रतिवादी
response,प्रतिसाद
responsibility,जबाबदारी
responsible,जबाबदार
rest,उर्वरित
restaurant,उपहारगृह
restore,पुनर्संचयित करा
restriction,निर्बंध
result,परिणाम
retain,टिकवून ठेवणे
retire,निवृत्त होणे
retirement,निवृत्ती
return,परत
reveal,प्रकट करणे
revenue,महसूल
review,पुनरावलोकन
revolution,क्रांती
rhythm,लय
rice,तांदूळ
rich,श्रीमंत
rid,सुटका
ride,स्वार
rifle,रायफल
right,बरोबर
ring,रिंग
rise,उदय
risk,धोका
river,नदी
road,रस्ता
rock,खडक
role,भूमिका
roll,रोल
romantic,रोमँटिक
roof,छप्पर
room,खोली
root,मूळ
rope,दोरी
rose,गुलाब
rough,उग्र
roughly,अंदाजे
round,गोल
route,मार्ग
routine,दिनक्रम
row,पंक्ती
rub,घासणे
rule,नियम
run,धावणे
running,धावणे
rural,ग्रामीण
rush,गर्दी
Russian,रशियन
sacred,पवित्र
sad,दुःखी
safe,सुरक्षित
safety,सुरक्षा
said,म्हणाला
sail,जहाज
sake,फायद्यासाठी
salad,कोशिंबीर
salary,पगार
sale,विक्री
sales,विक्री
salt,मीठ
same,त्याच
sample,नमुना
sanction,मंजुरी
sand,वाळू
sat,बसला
satellite,उपग्रह
satisfaction,समाधान
satisfy,समाधान करा
sauce,सॉस
save,जतन करा
saving,बचत
saw,पाहिले
say,म्हणा
scale,स्केल
scandal,घोटाळा
scared,घाबरलो
scenario,परिस्थिती
scene,देखावा
schedule,वेळापत्रक
scheme,योजना
scholar,अभ्यासक
scholarship,शिष्यवृत्ती
school,शाळा
science,विज्ञान
scientific,वैज्ञानिक
scientist,शास्त्रज्ञ
scope,व्याप्ती
score,धावसंख्या
scream,किंचाळणे
screen,स्क्रीन
script,स्क्रिप्ट
sea,समुद्र
search,शोध
season,हंगाम
seat,आसन
second,दुसरा
secret,गुप्त
secretary,सचिव
section,विभाग
sector,क्षेत्र
secure,सुरक्षित
security,सुरक्षा
see,पहा
seed,बियाणे
seek,शोधा
seem,दिसते
segment,विभाग
seize,जप्त करणे
select,निवडा
selection,निवड
self,स्वतः
sell,विकणे
Senate,सिनेट
senator,सिनेटर
send,पाठवा
senior,वरिष्ठ
sense,अर्थ
sensitive,संवेदनशील
sent,पाठवले
sentence,वाक्य
separate,वेगळे
sequence,क्रम
series,मालिका
serious,गंभीर
seriously,गंभीरपणे
serve,सर्व्ह करा
service,सेवा
session,सत्र
set,सेट
setting,सेटिंग
settle,सेटल
settlement,सेटलमेंट
seven,सात
several,अनेक
severe,तीव्र
sex,लिंग
sexual,लैंगिक
shade,सावली
shadow,सावली
shake,हलवा
shall,होईल
shape,आकार
share,वाटा
sharp,तीक्ष्ण
she,ती
sheet,पत्रक
shelf,शेल्फ
shell,शेल
shelter,निवारा
shift,शिफ्ट
shine,चमकणे
ship,जहाज
shirt,शर्ट
shit,छी
shock,धक्का
shoe,बूट
shoot,शूट
shooting,शूटिंग
shop,दुकान
shopping,खरेदी
shore,किनारा
short,लहान
shortly,लवकरच
shot,शॉट
should,पाहिजे
shoulder,खांदा
shout,ओरडा
show,दाखवा
shower,शॉवर
shrug,कवटाळणे
shut,बंद
sick,आजारी
side,बाजू
sigh,उसासा
sight,दृष्टी
sign,चिन्ह
signal,सिग्नल
significance,महत्त्व
significant,लक्षणीय
significantly,लक्षणीय
silence,शांतता
silent,गप्प
silver,चांदी
similar,समान
similarly,त्याचप्रमाणे
simple,सोपे
simply,फक्त
sin,पाप
since,पासून
sing,गा
singer,गायक
single,अविवाहित
sink,बुडणे
sir,साहेब
sister,बहीण
sit,बसणे
site,जागा
situation,परिस्थिती
six,सहा
size,आकार
ski,स्की
skill,कौशल्य
skin,त्वचा
sky,आकाश
slave,गुलाम
sleep,झोप
slice,तुकडा
slide,स्लाइड
slight,किंचित
slightly,किंचित
slip,घसरणे
slow,मंद
slowly,हळूहळू
small,लहान
smart,हुशार
smell,वास
smile,हसू
smoke,धूर
smooth,गुळगुळीत
snap,स्नॅप
snow,बर्फ
so,त्यामुळे
so-called,तथाकथित
soccer,सॉकर
social,सामाजिक
society,समाज
soft,मऊ
software,सॉफ्टवेअर
soil,माती
solar,सौर
soldier,सैनिक
solid,घन
solution,उपाय
solve,सोडवा
some,काही
somebody,कोणीतरी
somehow,कसा तरी
someone,कोणीतरी
something,काहीतरी
sometimes,कधी कधी
somewhat,काही प्रमाणात
somewhere,कुठेतरी
son,मुलगा
song,गाणे
soon,लवकरच
sophisticated,अत्याधुनिक
sorry,क्षमस्व
sort,क्रमवारी लावा
soul,आत्मा
sound,आवाज
soup,सूप
source,स्रोत
south,दक्षिण
southern,दक्षिणेकडील
Soviet,सोव्हिएत
space,जागा
Spanish,स्पॅनिश
speak,बोल
speaker,स्पीकर
special,विशेष
specialist,तज्ञ
species,प्रजाती
specific,विशिष्ट
specifically,विशेषत
speech,भाषण
speed,वेग
spell,शब्दलेखन
spend,खर्च
spending,खर्च करणे
spin,फिरकी
spirit,आत्मा
spiritual,आध्यात्मिक
split,विभाजित
spoke,बोलला
spokesman,प्रवक्ता
sport,खेळ
spot,स्पॉट
spread,प्रसार
spring,वसंत ऋतू
square,चौरस
squeeze,पिळून काढणे
stability,स्थिरता
stable,स्थिर
staff,कर्मचारी
stage,स्टेज
stair,जिना
stake,भागभांडवल
stand,उभे रहा
standard,मानक
standing,उभे
star,तारा
stare,टक लावून पहा
start,प्रारंभ
state,राज्य
statement,विधान
station,स्टेशन
statistics,आकडेवारी
status,स्थिती
stay,राहा
stead,स्थिर
steady,स्थिर
steal,चोरी
steam,वाफ
steel,पोलाद
step,पाऊल
stick,काठी
still,अजूनही
stir,ढवळणे
stock,साठा
stomach,पोट
stone,दगड
stood,उभा राहिला
stop,थांबा
storage,साठवण
store,स्टोअर
storm,वादळ
story,कथा
straight,सरळ
strange,विचित्र
stranger,अनोळखी
strategic,धोरणात्मक
strategy,धोरण
stream,प्रवाह
street,रस्ता
strength,शक्ती
strengthen,मजबूत करा
stress,ताण
stretch,ताणून लांब करणे
strike,संप
string,स्ट्रिंग
strip,पट्टी
stroke,स्ट्रोक
strong,मजबूत
strongly,जोरदार
structure,रचना
struggle,संघर्ष
student,विद्यार्थी
studio,स्टुडिओ
study,अभ्यास
stuff,सामग्री
stupid,मूर्ख
style,शैली
subject,विषय
submit,प्रस्तुत करणे
subsequent,त्यानंतर
substance,पदार्थ
substantial,महत्त्वपूर्ण
subtract,वजा करा
succeed,यशस्वी
success,यश
successful,यशस्वी
successfully,यशस्वीरित्या
such,जसे
sudden,अचानक
suddenly,अचानक
sue,खटला
suffer,त्रास
sufficient,पुरेसे
suffix,प्रत्यय
sugar,साखर
suggest,सूचित
suggestion,सूचना
suicide,आत्महत्या
suit,सूट
summer,उन्हाळा
summit,शिखर
sun,सूर्य
super,उत्कृष्ट
supply,पुरवठा
support,समर्थन
supporter,समर्थक
suppose,समजा
supposed,अपेक्षित
Supreme,सर्वोच्च
sure,नक्की
surely,नक्कीच
surface,पृष्ठभाग
surgery,शस्त्रक्रिया
surprise,आश्चर्य
surprised,आश्चर्यचकित
surprising,आश्चर्यकारक
surprisingly,आश्चर्यकारकपणे
surround,भोवती
survey,सर्वेक्षण
survival,अस्तित्व
survive,जगणे
survivor,वाचलेले
suspect,संशयित
sustain,टिकवणे
swear,शपथ
sweep,झाडू
sweet,गोड
swim,पोहणे
swing,स्विंग
switch,स्विच
syllable,अक्षरे
symbol,चिन्ह
symptom,लक्षणं
system,प्रणाली
table,टेबल
tablespoon,चमचे
tactic,युक्ती
tail,शेपूट
take,घ्या
tale,कथा
talent,प्रतिभा
talk,बोला
tall,उंच
tank,टाकी
tap,टॅप करा
tape,टेप
target,लक्ष्य
task,कार्य
taste,चव
tax,कर
taxpayer,करदाता
tea,चहा
teach,शिकवा
teacher,शिक्षक
teaching,शिक्षण
team,संघ
tear,अश्रू
teaspoon,चमचे
technical,तांत्रिक
technique,तंत्र
technology,तंत्रज्ञान
teen,किशोर
teenager,किशोर
teeth,दात
telephone,दूरध्वनी
telescope,दुर्बीण
television,दूरदर्शन
tell,सांगा
temperature,तापमान
temporary,तात्पुरता
ten,दहा
tend,कल
tendency,प्रवृत्ती
tennis,टेनिस
tension,ताण
tent,तंबू
term,मुदत
terms,अटी
terrible,भयानक
territory,प्रदेश
terror,दहशत
terrorism,दहशतवाद
terrorist,दहशतवादी
test,चाचणी
testify,साक्ष
testimony,साक्ष
testing,चाचणी
text,मजकूर
than,पेक्षा
thank,धन्यवाद
thanks,धन्यवाद
that,की
the,च्या
theater,थिएटर
their,त्यांचे
them,त्यांना
theme,थीम
themselves,स्वतः
then,नंतर
theory,सिद्धांत
therapy,उपचार
there,तेथे
therefore,म्हणून
these,या
they,ते
thick,जाड
thin,पातळ
thing,गोष्ट
think,विचार करा
thinking,विचार
third,तिसऱ्या
thirty,तीस
this,हे
those,त्या
though,तरी
thought,विचार
thousand,हजार
threat,धमकी
threaten,धमकी देणे
three,तीन
throat,घसा
through,द्वारे
throughout,संपूर्ण
throw,फेकणे
thus,अशा प्रकारे
ticket,तिकीट
tie,टाय
tight,घट्ट
time,वेळ
tiny,लहान
tip,टीप
tire,टायर
tired,थकलेला
tissue,ऊतक
title,शीर्षक
to,ला
tobacco,तंबाखू
today,आज
toe,पायाचे बोट
together,एकत्र
told,सांगितले
tomato,टोमॅटो
tomorrow,उद्या
tone,टोन
tongue,जीभ
tonight,आज रात्री
too,खूप
took,घेतला
tool,साधन
tooth,दात
top,वर
topic,विषय
toss,नाणेफेक
total,एकूण
totally,पूर्णपणे
touch,स्पर्श
tough,कठीण
tour,दौरा
tourist,पर्यटक
tournament,स्पर्धा
toward,दिशेने
towards,दिशेने
tower,बुरुज
town,शहर
toy,खेळणी
trace,ट्रेस
track,मागोवा
trade,व्यापार
tradition,परंपरा
traditional,पारंपारिक
traffic,रहदारी
tragedy,शोकांतिका
trail,पायवाट
train,ट्रेन
training,प्रशिक्षण
transfer,हस्तांतरण
transform,परिवर्तन
transformation,परिवर्तन
transition,संक्रमण
translate,भाषांतर करा
transportation,वाहतूक
travel,प्रवास
treat,उपचार करा
treatment,उपचार
treaty,करार
tree,झाड
tremendous,प्रचंड
trend,कल
trial,चाचणी
triangle,त्रिकोण
tribe,टोळी
trick,युक्ती
trip,सहल
troop,फौज
trouble,त्रास
truck,ट्रक
truly,खरोखर
trust,विश्वास
truth,सत्य
try,प्रयत्न
tube,नळी
tunnel,बोगदा
turn,वळण
TV,टीव्ही
twelve,बारा
twenty,वीस
twice,दोनदा
twin,जुळे
two,दोन
type,प्रकार
typical,वैशिष्ट्यपूर्ण
typically,साधारणपणे
ugly,कुरूप
ultimate,अंतिम
ultimately,शेवटी
unable,अक्षम
uncle,काका
under,अंतर्गत
undergo,पडणे
understand,समजून घ्या
understanding,समज
unfortunately,दुर्दैवाने
uniform,एकसमान
union,संघ
unique,अद्वितीय
unit,युनिट
United,संयुक्त
universal,सार्वत्रिक
universe,विश्व
university,विद्यापीठ
unknown,अज्ञात
unless,जोपर्यंत
unlike,विपरीत
unlikely,संभव नाही
until,पर्यंत
unusual,असामान्य
up,वर
upon,वर
upper,वरील
urban,शहरी
urge,आग्रह
us,आम्हाला
use,वापर
used,वापरले
useful,उपयुक्त
user,वापरकर्ता
usual,नेहमीच्या
usually,सहसा
utility,उपयुक्तता
vacation,सुट्टी
valley,दरी
valuable,मौल्यवान
value,मूल्य
variable,चल
variation,फरक
variety,विविधता
various,विविध
vary,भिन्न
vast,विशाल
vegetable,भाजी
vehicle,वाहन
venture,उपक्रम
verb,क्रियापद
version,आवृत्ती
versus,विरुद्ध
very,खूप
vessel,भांडे
veteran,अनुभवी
via,द्वारे
victim,बळी
victory,विजय
video,व्हिडिओ
view,दृश्य
viewer,दर्शक
village,गाव
violate,उल्लंघन करणे
violation,उल्लंघन
violence,हिंसा
violent,हिंसक
virtually,अक्षरशः
virtue,पुण्य
virus,विषाणू
visible,दृश्यमान
vision,दृष्टी
visit,भेट
visitor,अभ्यागत
visual,दृश्य
vital,महत्त्वपूर्ण
voice,आवाज
volume,खंड
volunteer,स्वयंसेवक
vote,मत
voter,मतदार
vowel,स्वर
vs,वि
vulnerable,असुरक्षित
wage,वेतन
wait,थांबा
wake,जागे व्हा
walk,चाला
wall,भिंत
wander,भटकणे
want,पाहिजे
war,युद्ध
warm,उबदार
warn,चेतावणी
warning,चेतावणी
was,होते
wash,धुवा
waste,कचरा
watch,पहा
water,पाणी
wave,लाट
way,मार्ग
we,आम्ही
weak,कमकुवत
wealth,संपत्ती
wealthy,श्रीमंत
weapon,शस्त्र
wear,परिधान करा
weather,हवामान
wedding,लग्न
week,आठवडा
weekend,शनिवार व रविवार
weekly,साप्ताहिक
weigh,वजन
weight,वजन
welcome,स्वागत आहे
welfare,कल्याण
well,चांगले
went,गेला
were,होते
west,पश्चिम
western,पाश्चात्य
wet,ओले
what,काय
whatever,काहीही
wheel,चाक
when,कधी
whenever,केव्हाही
where,कुठे
whereas,तर
whether,की नाही
which,जे
while,दरम्यान
whisper,कुजबुजणे
white,पांढरा
who,कोण
whole,संपूर्ण
whom,ज्या
whose,कोणाचे
why,का
wide,रुंद
widely,मोठ्या प्रमाणावर
widespread,व्यापक
wife,पत्नी
wild,जंगली
will,इच्छा
willing,इच्छुक
win,विजय
wind,वारा
window,खिडकी
wine,वाइन
wing,पंख
winner,विजेता
winter,हिवाळा
wipe,पुसणे
wire,वायर
wisdom,शहाणपण
wise,ज्ञानी
wish,इच्छा
with,सह
withdraw,मागे घ्या
within,आत
without,शिवाय
witness,साक्षीदार
woman,स्त्री
women,महिला
won’t,करणार नाही
wonder,आश्चर्य
wonderful,अप्रतिम
wood,लाकूड
wooden,लाकडी
word,शब्द
work,काम
worker,कामगार
working,कार्यरत
works,काम करते
workshop,कार्यशाळा
world,जग
worried,काळजीत
worry,काळजी
worth,किमतीची
would,होईल
wound,जखम
wrap,लपेटणे
write,लिहा
writer,लेखक
writing,लेखन
written,लिहिलेले
wrong,चुकीचे
wrote,लिहिले
yard,अंगण
yeah,होय
year,वर्ष
yell,ओरडणे
yellow,पिवळा
yes,होय
yesterday,काल
yet,अद्याप
yield,उत्पन्न
you,तू
young,तरुण
your,आपले
yours,आपले
yourself,तू स्वतः
youth,तरुण
zombie,झोम्बी
zone,झोन
zoo,प्राणीसंग्रहालय
zoology,प्राणीशास्त्र
zoom,झूम करा